timestamp,quadrant,bend_angle,N,S,E,W
1760029691.836788,Center,0.0,0.0,0.0,0.0
1760029692.3370252,Center,0.0,0.0,0.0,0.0
1760029692.8371701,Center,0.0,0.0,0.0,0.0
1760029693.3372917,Center,0.0,0.0,0.0,0.0
1760029693.8374772,Center,0.0,0.0,0.0,0.0
1760029694.3376286,Center,0.0,0.0,0.0,0.0
1760029694.8377283,Center,0.0,0.0,0.0,0.0
1760029695.337834,Center,0.0,0.0,0.0,0.0
1760029695.8379323,Center,0.0,0.0,0.0,0.0
1760029696.3380404,Center,0.0,0.0,0.0,0.0
1760029696.8381393,Center,0.0,0.0,0.0,0.0
1760029697.3382883,Center,0.0,0.0,0.0,0.0
1760029697.8384082,Center,0.0,0.0,0.0,0.0
1760029698.3385243,Center,0.0,0.0,0.0,0.0
1760029698.8386533,Center,0.0,0.0,0.0,0.0
1760029699.3387997,Center,0.0,0.0,0.0,0.0
1760029699.8389206,Center,0.0,0.0,0.0,0.0
1760029700.3390257,Center,0.0,0.0,0.0,0.0
1760029700.8391635,Center,0.0,0.0,0.0,0.0
1760029701.339304,Center,0.0,0.0,0.0,0.0
1760029701.839423,Center,0.0,0.0,0.0,0.0
1760029702.3395495,Center,0.0,0.0,0.0,0.0
1760029702.8396814,Center,0.0,0.0,0.0,0.0
1760029703.3398273,Center,0.0,0.0,0.0,0.0
1760029703.8399642,Center,0.0,0.0,0.0,0.0
1760029704.3400936,Center,0.0,0.0,0.0,0.0
1760029704.8402357,Center,0.0,0.0,0.0,0.0
1760029705.3403687,Center,0.0,0.0,0.0,0.0
1760029705.8404675,Center,0.0,0.0,0.0,0.0
1760029706.3405952,Center,0.0,0.0,0.0,0.0
1760029706.8406942,Center,0.0,0.0,0.0,0.0
1760029707.3408456,Center,0.0,0.0,0.0,0.0
1760029707.840952,Center,0.0,0.0,0.0,0.0
1760029708.3410816,Center,0.0,0.0,0.0,0.0
1760029708.8411818,Center,0.0,0.0,0.0,0.0
1760029709.3413212,Center,0.0,0.0,0.0,0.0
1760029709.841459,Center,0.0,0.0,0.0,0.0
1760029710.3415885,Center,0.0,0.0,0.0,0.0
1760029710.8417246,Center,0.0,0.0,0.0,0.0
1760029711.341839,Center,0.0,0.0,0.0,0.0
1760029711.8419685,Center,0.0,0.0,0.0,0.0
1760029712.3421085,Center,0.0,0.0,0.0,0.0
1760029712.842239,Center,0.0,0.0,0.0,0.0
1760029713.3423553,Center,0.0,0.0,0.0,0.0
1760029713.842499,Center,0.0,0.0,0.0,0.0
1760029714.3426275,Center,0.0,0.0,0.0,0.0
1760029714.8427243,Center,0.0,0.0,0.0,0.0
1760029715.342851,Center,0.0,0.0,0.0,0.0
1760029715.8429487,Center,0.0,0.0,0.0,0.0
1760029716.3430703,Center,0.0,0.0,0.0,0.0
1760029716.8431675,Center,0.0,0.0,0.0,0.0
1760029717.3433337,Center,0.0,0.0,0.0,0.0
1760029717.8434508,Center,0.0,0.0,0.0,0.0
1760029718.343587,Center,0.0,0.0,0.0,0.0
1760029718.8437216,Center,0.0,0.0,0.0,0.0
1760029719.34385,Center,0.0,0.0,0.0,0.0
1760029719.8439865,Center,0.0,0.0,0.0,0.0
1760029720.3441088,Center,0.0,0.0,0.0,0.0
1760029720.8442464,Center,0.0,0.0,0.0,0.0
1760029721.3443654,Center,0.0,0.0,0.0,0.0
1760029721.8445034,Center,0.0,0.0,0.0,0.0
1760029722.3459156,Center,0.0,0.0,0.0,0.0
1760029722.846064,Center,0.0,0.0,0.0,0.0
1760029723.3462014,Center,0.0,0.0,0.0,0.0
1760029723.8463511,Center,0.0,0.0,0.0,0.0
1760029724.3464823,Center,0.0,0.0,0.0,0.0
1760029724.846591,Center,0.0,0.0,0.0,0.0
1760029725.3467207,Center,0.0,0.0,0.0,0.0
1760029725.8468194,Center,0.0,0.0,0.0,0.0
1760029726.346945,Center,0.0,0.0,0.0,0.0
1760029726.8470485,Center,0.0,0.0,0.0,0.0
1760029727.3491874,Center,0.0,0.0,0.0,0.0
1760029727.8493621,Center,0.0,0.0,0.0,0.0
1760029728.3495026,Center,0.0,0.0,0.0,0.0
1760029728.8496518,Center,0.0,0.0,0.0,0.0
1760029729.349765,Center,0.0,0.0,0.0,0.0
1760029729.8499143,Center,0.0,0.0,0.0,0.0
1760029730.3500502,Center,0.0,0.0,0.0,0.0
1760029730.8501866,Center,0.0,0.0,0.0,0.0
1760029731.35031,Center,0.0,0.0,0.0,0.0
1760029731.8504531,Center,0.0,0.0,0.0,0.0
1760029732.3506103,Center,0.0,0.0,0.0,0.0
1760029732.8507347,Center,0.0,0.0,0.0,0.0
1760029733.3508484,Center,0.0,0.0,0.0,0.0
1760029733.850948,Center,0.0,0.0,0.0,0.0
1760029734.351075,Center,0.0,0.0,0.0,0.0
1760029734.8511956,Center,0.0,0.0,0.0,0.0
1760029735.351329,Center,0.0,0.0,0.0,0.0
1760029735.8514545,Center,0.0,0.0,0.0,0.0
1760029736.3515818,Center,0.0,0.0,0.0,0.0
1760029736.8516915,Center,0.0,0.0,0.0,0.0
1760029737.3518486,Center,0.0,0.0,0.0,0.0
1760029737.8519654,Center,0.0,0.0,0.0,0.0
1760029738.3521013,Center,0.0,0.0,0.0,0.0
1760029738.8522148,Center,0.0,0.0,0.0,0.0
1760029739.352324,Center,0.0,0.0,0.0,0.0
1760029739.8524368,Center,0.0,0.0,0.0,0.0
1760029740.3525562,Center,0.0,0.0,0.0,0.0
1760029740.8526692,Center,0.0,0.0,0.0,0.0
1760029741.35279,Center,0.0,0.0,0.0,0.0
1760029741.8529184,Center,0.0,0.0,0.0,0.0
1760029742.353065,Center,0.0,0.0,0.0,0.0
1760029742.853188,Center,0.0,0.0,0.0,0.0
1760029743.3533192,Center,0.0,0.0,0.0,0.0
1760029743.8534536,Center,0.0,0.0,0.0,0.0
1760029744.3535805,Center,0.0,0.0,0.0,0.0
1760029744.8536859,Center,0.0,0.0,0.0,0.0
1760029745.353802,Center,0.0,0.0,0.0,0.0
1760029745.8539014,Center,0.0,0.0,0.0,0.0
1760029746.3540425,Center,0.0,0.0,0.0,0.0
1760029746.8541763,Center,0.0,0.0,0.0,0.0
1760029747.354323,Center,0.0,0.0,0.0,0.0
1760029747.8544579,Center,0.0,0.0,0.0,0.0
1760029748.3545702,Center,0.0,0.0,0.0,0.0
1760029748.8547037,Center,0.0,0.0,0.0,0.0
1760029749.3548121,Center,0.0,0.0,0.0,0.0
1760029749.8549438,Center,0.0,0.0,0.0,0.0
1760029750.3550515,Center,0.0,0.0,0.0,0.0
1760029750.8552089,Center,0.0,0.0,0.0,0.0
1760029751.3553452,Center,0.0,0.0,0.0,0.0
1760029751.855443,Center,0.0,0.0,0.0,0.0
1760029752.3555925,Center,0.0,0.0,0.0,0.0
1760029752.8557174,Center,0.0,0.0,0.0,0.0
1760029753.3558445,Center,0.0,0.0,0.0,0.0
1760029753.8559327,Center,0.0,0.0,0.0,0.0
1760029754.3560524,Center,0.0,0.0,0.0,0.0
1760029754.8561552,Center,0.0,0.0,0.0,0.0
1760029755.3562741,Center,0.0,0.0,0.0,0.0
1760029755.8563745,Center,0.0,0.0,0.0,0.0
1760029756.356496,Center,0.0,0.0,0.0,0.0
1760029756.8565962,Center,0.0,0.0,0.0,0.0
1760029757.356721,Center,0.0,0.0,0.0,0.0
1760029757.856843,Center,0.0,0.0,0.0,0.0
1760029758.35695,Center,0.0,0.0,0.0,0.0
1760029758.8570673,Center,0.0,0.0,0.0,0.0
1760029759.3571687,Center,0.0,0.0,0.0,0.0
1760029759.8572803,Center,0.0,0.0,0.0,0.0
1760029760.3573895,Center,0.0,0.0,0.0,0.0
1760029760.8575103,Center,0.0,0.0,0.0,0.0
1760029761.357632,Center,0.0,0.0,0.0,0.0
1760029761.8577294,Center,0.0,0.0,0.0,0.0
1760029762.3578784,Center,0.0,0.0,0.0,0.0
1760029762.8579812,Center,0.0,0.0,0.0,0.0
1760029763.3580923,Center,0.0,0.0,0.0,0.0
1760029763.858186,Center,0.0,0.0,0.0,0.0
1760029764.3582978,Center,0.0,0.0,0.0,0.0
1760029764.8583913,Center,0.0,0.0,0.0,0.0
1760029765.3585057,Center,0.0,0.0,0.0,0.0
1760029765.8586168,Center,0.0,0.0,0.0,0.0
1760029766.3587255,Center,0.0,0.0,0.0,0.0
1760029766.8588402,Center,0.0,0.0,0.0,0.0
1760029767.3589633,Center,0.0,0.0,0.0,0.0
1760029767.8590832,Center,0.0,0.0,0.0,0.0
1760029768.3591864,Center,0.0,0.0,0.0,0.0
1760029768.859302,Center,0.0,0.0,0.0,0.0
1760029769.3594046,Center,0.0,0.0,0.0,0.0
1760029769.859521,Center,0.0,0.0,0.0,0.0
1760029770.35964,Center,0.0,0.0,0.0,0.0
1760029770.8597367,Center,0.0,0.0,0.0,0.0
1760029771.35986,Center,0.0,0.0,0.0,0.0
1760029771.8599982,Center,0.0,0.0,0.0,0.0
1760029772.360139,Center,0.0,0.0,0.0,0.0
1760029772.8602312,Center,0.0,0.0,0.0,0.0
1760029773.3603456,Center,0.0,0.0,0.0,0.0
1760029773.8604374,Center,0.0,0.0,0.0,0.0
1760029774.360562,Center,0.0,0.0,0.0,0.0
1760029774.860678,Center,0.0,0.0,0.0,0.0
1760029775.3607838,Center,0.0,0.0,0.0,0.0
1760029775.860906,Center,0.0,0.0,0.0,0.0
1760029776.3610206,Center,0.0,0.0,0.0,0.0
1760029776.8611376,Center,0.0,0.0,0.0,0.0
1760029777.3618913,Center,0.0,0.0,0.0,0.0
1760029777.8620093,Center,0.0,0.0,0.0,0.0
1760029778.3621063,Center,0.0,0.0,0.0,0.0
1760029778.8622162,Center,0.0,0.0,0.0,0.0
1760029779.3623269,Center,0.0,0.0,0.0,0.0
1760029779.8624437,Center,0.0,0.0,0.0,0.0
1760029780.362562,Center,0.0,0.0,0.0,0.0
1760029780.8626623,Center,0.0,0.0,0.0,0.0
1760029781.3627787,Center,0.0,0.0,0.0,0.0
1760029781.8628726,Center,0.0,0.0,0.0,0.0
1760029782.362988,Center,0.0,0.0,0.0,0.0
1760029782.863084,Center,0.0,0.0,0.0,0.0
1760029783.3632004,Center,0.0,0.0,0.0,0.0
1760029783.8633249,Center,0.0,0.0,0.0,0.0
1760029784.36344,Center,0.0,0.0,0.0,0.0
1760029784.8635538,Center,0.0,0.0,0.0,0.0
1760029785.3636599,Center,0.0,0.0,0.0,0.0
1760029785.8637745,Center,0.0,0.0,0.0,0.0
1760029786.3638768,Center,0.0,0.0,0.0,0.0
1760029786.8639863,Center,0.0,0.0,0.0,0.0
1760029787.3640926,Center,0.0,0.0,0.0,0.0
1760029787.8642097,Center,0.0,0.0,0.0,0.0
1760029788.3643134,Center,0.0,0.0,0.0,0.0
1760029788.8644586,Center,0.0,0.0,0.0,0.0
1760029789.3645787,Center,0.0,0.0,0.0,0.0
1760029789.8646758,Center,0.0,0.0,0.0,0.0
1760029790.3647938,Center,0.0,0.0,0.0,0.0
1760029790.8648856,Center,0.0,0.0,0.0,0.0
1760029791.3650007,Center,0.0,0.0,0.0,0.0
1760029791.8650925,Center,0.0,0.0,0.0,0.0
1760029792.3652117,Center,0.0,0.0,0.0,0.0
1760029792.865313,Center,0.0,0.0,0.0,0.0
1760029793.3654313,Center,0.0,0.0,0.0,0.0
1760029793.865587,Center,0.0,0.0,0.0,0.0
1760029794.3657033,Center,0.0,0.0,0.0,0.0
1760029794.8658168,Center,0.0,0.0,0.0,0.0
1760029795.3659189,Center,0.0,0.0,0.0,0.0
1760029795.866032,Center,0.0,0.0,0.0,0.0
1760029796.3661323,Center,0.0,0.0,0.0,0.0
1760029796.8662412,Center,0.0,0.0,0.0,0.0
1760029797.3663435,Center,0.0,0.0,0.0,0.0
1760029797.8664668,Center,0.0,0.0,0.0,0.0
1760029798.3665895,Center,0.0,0.0,0.0,0.0
1760029798.866707,Center,0.0,0.0,0.0,0.0
1760029799.3668294,Center,0.0,0.0,0.0,0.0
1760029799.8669248,Center,0.0,0.0,0.0,0.0
1760029800.3670409,Center,0.0,0.0,0.0,0.0
1760029800.8671434,Center,0.0,0.0,0.0,0.0
1760029801.3672569,Center,0.0,0.0,0.0,0.0
1760029801.8673472,Center,0.0,0.0,0.0,0.0
1760029802.3674648,Center,0.0,0.0,0.0,0.0
1760029802.8675852,Center,0.0,0.0,0.0,0.0
1760029803.3676915,Center,0.0,0.0,0.0,0.0
1760029803.8678288,Center,0.0,0.0,0.0,0.0
1760029804.367961,Center,0.0,0.0,0.0,0.0
1760029804.8680804,Center,0.0,0.0,0.0,0.0
1760029805.3681815,Center,0.0,0.0,0.0,0.0
1760029805.8682926,Center,0.0,0.0,0.0,0.0
1760029806.3683987,Center,0.0,0.0,0.0,0.0
1760029806.868527,Center,0.0,0.0,0.0,0.0
1760029807.368706,Center,0.0,0.0,0.0,0.0
1760029807.8688185,Center,0.0,0.0,0.0,0.0
1760029808.3689387,Center,0.0,0.0,0.0,0.0
1760029808.8690665,Center,0.0,0.0,0.0,0.0
1760029809.3691857,Center,0.0,0.0,0.0,0.0
1760029809.8692803,Center,0.0,0.0,0.0,0.0
1760029810.369397,Center,0.0,0.0,0.0,0.0
1760029810.8694925,Center,0.0,0.0,0.0,0.0
1760029811.3696117,Center,0.0,0.0,0.0,0.0
1760029811.8697186,Center,0.0,0.0,0.0,0.0
1760029812.3698373,Center,0.0,0.0,0.0,0.0
1760029812.869955,Center,0.0,0.0,0.0,0.0
1760029813.3700607,Center,0.0,0.0,0.0,0.0
1760029813.8701935,Center,0.0,0.0,0.0,0.0
1760029814.3703008,Center,0.0,0.0,0.0,0.0
1760029814.8704197,Center,0.0,0.0,0.0,0.0
1760029815.3705463,Center,0.0,0.0,0.0,0.0
1760029815.8706594,Center,0.0,0.0,0.0,0.0
1760029816.370764,Center,0.0,0.0,0.0,0.0
1760029816.8708897,Center,0.0,0.0,0.0,0.0
1760029817.371011,Center,0.0,0.0,0.0,0.0
1760029817.8711102,Center,0.0,0.0,0.0,0.0
1760029818.371231,Center,0.0,0.0,0.0,0.0
1760029818.8713543,Center,0.0,0.0,0.0,0.0
1760029819.3714707,Center,0.0,0.0,0.0,0.0
1760029819.87157,Center,0.0,0.0,0.0,0.0
1760029820.3716857,Center,0.0,0.0,0.0,0.0
1760029820.8717797,Center,0.0,0.0,0.0,0.0
1760029821.3719013,Center,0.0,0.0,0.0,0.0
1760029821.8720202,Center,0.0,0.0,0.0,0.0
1760029822.3721309,Center,0.0,0.0,0.0,0.0
1760029822.8722465,Center,0.0,0.0,0.0,0.0
1760029823.3723462,Center,0.0,0.0,0.0,0.0
1760029823.8724859,Center,0.0,0.0,0.0,0.0
1760029824.3726003,Center,0.0,0.0,0.0,0.0
1760029824.8727188,Center,0.0,0.0,0.0,0.0
1760029825.3728204,Center,0.0,0.0,0.0,0.0
1760029825.8729503,Center,0.0,0.0,0.0,0.0
1760029826.373076,Center,0.0,0.0,0.0,0.0
1760029826.8731778,Center,0.0,0.0,0.0,0.0
1760029827.373301,Center,0.0,0.0,0.0,0.0
1760029827.8734043,Center,0.0,0.0,0.0,0.0
1760029828.3735235,Center,0.0,0.0,0.0,0.0
1760029828.8736384,Center,0.0,0.0,0.0,0.0
1760029829.3737564,Center,0.0,0.0,0.0,0.0
1760029829.8738494,Center,0.0,0.0,0.0,0.0
1760029830.373975,Center,0.0,0.0,0.0,0.0
1760029830.874108,Center,0.0,0.0,0.0,0.0
1760029831.3742135,Center,0.0,0.0,0.0,0.0
1760029831.8743417,Center,0.0,0.0,0.0,0.0
1760029832.374463,Center,0.0,0.0,0.0,0.0
1760029832.8745863,Center,0.0,0.0,0.0,0.0
1760029833.3746915,Center,0.0,0.0,0.0,0.0
1760029833.874867,Center,0.0,0.0,0.0,0.0
1760029834.3749728,Center,0.0,0.0,0.0,0.0
1760029834.8751035,Center,0.0,0.0,0.0,0.0
1760029835.375331,Center,0.0,0.0,0.0,0.0
1760029835.875441,Center,0.0,0.0,0.0,0.0
1760029836.3755617,Center,0.0,0.0,0.0,0.0
1760029836.8756583,Center,0.0,0.0,0.0,0.0
1760029837.3757796,Center,0.0,0.0,0.0,0.0
1760029837.8758845,Center,0.0,0.0,0.0,0.0
1760029838.3759992,Center,0.0,0.0,0.0,0.0
1760029838.876114,Center,0.0,0.0,0.0,0.0
1760029839.3762279,Center,0.0,0.0,0.0,0.0
1760029839.8763232,Center,0.0,0.0,0.0,0.0
1760029840.3764396,Center,0.0,0.0,0.0,0.0
1760029840.876553,Center,0.0,0.0,0.0,0.0
1760029841.3766553,Center,0.0,0.0,0.0,0.0
1760029841.8767734,Center,0.0,0.0,0.0,0.0
1760029842.376885,Center,0.0,0.0,0.0,0.0
1760029842.876993,Center,0.0,0.0,0.0,0.0
1760029843.3770938,Center,0.0,0.0,0.0,0.0
1760029843.8772311,Center,0.0,0.0,0.0,0.0
1760029844.3773375,Center,0.0,0.0,0.0,0.0
1760029844.8774529,Center,0.0,0.0,0.0,0.0
1760029845.3775723,Center,0.0,0.0,0.0,0.0
1760029845.877673,Center,0.0,0.0,0.0,0.0
1760029846.377792,Center,0.0,0.0,0.0,0.0
1760029846.877884,Center,0.0,0.0,0.0,0.0
1760029847.378002,Center,0.0,0.0,0.0,0.0
1760029847.8780982,Center,0.0,0.0,0.0,0.0
1760029848.3782094,Center,0.0,0.0,0.0,0.0
1760029848.8783026,Center,0.0,0.0,0.0,0.0
1760029849.3784313,Center,0.0,0.0,0.0,0.0
1760029849.8785448,Center,0.0,0.0,0.0,0.0
1760029850.378656,Center,0.0,0.0,0.0,0.0
1760029850.8787704,Center,0.0,0.0,0.0,0.0
1760029851.378874,Center,0.0,0.0,0.0,0.0
1760029851.8789823,Center,0.0,0.0,0.0,0.0
1760029852.3790889,Center,0.0,0.0,0.0,0.0
1760029852.8792067,Center,0.0,0.0,0.0,0.0
1760029853.3793094,Center,0.0,0.0,0.0,0.0
1760029853.8794308,Center,0.0,0.0,0.0,0.0
1760029854.3795602,Center,0.0,0.0,0.0,0.0
1760029854.8796604,Center,0.0,0.0,0.0,0.0
1760029855.3797808,Center,0.0,0.0,0.0,0.0
1760029855.8798783,Center,0.0,0.0,0.0,0.0
1760029856.3799927,Center,0.0,0.0,0.0,0.0
1760029856.8800876,Center,0.0,0.0,0.0,0.0
1760029857.3802059,Center,0.0,0.0,0.0,0.0
1760029857.8803053,Center,0.0,0.0,0.0,0.0
1760029858.3804243,Center,0.0,0.0,0.0,0.0
1760029858.8805459,Center,0.0,0.0,0.0,0.0
1760029859.3806775,Center,0.0,0.0,0.0,0.0
1760029859.8807917,Center,0.0,0.0,0.0,0.0
1760029860.3809035,Center,0.0,0.0,0.0,0.0
1760029860.8810194,Center,0.0,0.0,0.0,0.0
1760029861.381138,Center,0.0,0.0,0.0,0.0
1760029861.8812568,Center,0.0,0.0,0.0,0.0
1760029862.3813593,Center,0.0,0.0,0.0,0.0
1760029862.8814728,Center,0.0,0.0,0.0,0.0
1760029863.3815842,Center,0.0,0.0,0.0,0.0
1760029863.8817008,Center,0.0,0.0,0.0,0.0
1760029864.3818579,Center,0.0,0.0,0.0,0.0
1760029864.881954,Center,0.0,0.0,0.0,0.0
1760029865.3820763,Center,0.0,0.0,0.0,0.0
1760029865.8821738,Center,0.0,0.0,0.0,0.0
1760029866.3822923,Center,0.0,0.0,0.0,0.0
1760029866.8823855,Center,0.0,0.0,0.0,0.0
1760029867.3825054,Center,0.0,0.0,0.0,0.0
1760029867.8826272,Center,0.0,0.0,0.0,0.0
1760029868.3827548,Center,0.0,0.0,0.0,0.0
1760029868.8828592,Center,0.0,0.0,0.0,0.0
1760029869.3829854,Center,0.0,0.0,0.0,0.0
1760029869.8831272,Center,0.0,0.0,0.0,0.0
1760029870.3832312,Center,0.0,0.0,0.0,0.0
1760029870.8833425,Center,0.0,0.0,0.0,0.0
1760029871.3834424,Center,0.0,0.0,0.0,0.0
1760029871.8835473,Center,0.0,0.0,0.0,0.0
1760029872.3836515,Center,0.0,0.0,0.0,0.0
1760029872.8837643,Center,0.0,0.0,0.0,0.0
1760029873.3838866,Center,0.0,0.0,0.0,0.0
1760029873.8839872,Center,0.0,0.0,0.0,0.0
1760029874.3841512,Center,0.0,0.0,0.0,0.0
1760029874.8842494,Center,0.0,0.0,0.0,0.0
1760029875.3843887,Center,0.0,0.0,0.0,0.0
1760029875.884497,Center,0.0,0.0,0.0,0.0
1760029876.384627,Center,0.0,0.0,0.0,0.0
1760029876.8847244,Center,0.0,0.0,0.0,0.0
1760029877.3848715,Center,0.0,0.0,0.0,0.0
1760029877.8850095,Center,0.0,0.0,0.0,0.0
1760029878.3851335,Center,0.0,0.0,0.0,0.0
1760029878.8852708,Center,0.0,0.0,0.0,0.0
1760029879.3853846,Center,0.0,0.0,0.0,0.0
1760029879.8855205,Center,0.0,0.0,0.0,0.0
1760029880.385628,Center,0.0,0.0,0.0,0.0
1760029880.885758,Center,0.0,0.0,0.0,0.0
1760029881.385868,Center,0.0,0.0,0.0,0.0
1760029881.8860066,Center,0.0,0.0,0.0,0.0
1760029882.3861427,Center,0.0,0.0,0.0,0.0
1760029882.8862813,Center,0.0,0.0,0.0,0.0
1760029883.3864324,Center,0.0,0.0,0.0,0.0
1760029883.8865316,Center,0.0,0.0,0.0,0.0
1760029884.3866615,Center,0.0,0.0,0.0,0.0
1760029884.8867588,Center,0.0,0.0,0.0,0.0
1760029885.3868883,Center,0.0,0.0,0.0,0.0
1760029885.8869803,Center,0.0,0.0,0.0,0.0
1760029886.3870966,Center,0.0,0.0,0.0,0.0
1760029886.8872316,Center,0.0,0.0,0.0,0.0
1760029887.3873615,Center,0.0,0.0,0.0,0.0
1760029887.8874917,Center,0.0,0.0,0.0,0.0
1760029888.3875902,Center,0.0,0.0,0.0,0.0
1760029888.88772,Center,0.0,0.0,0.0,0.0
1760029889.387819,Center,0.0,0.0,0.0,0.0
1760029889.8879461,Center,0.0,0.0,0.0,0.0
1760029890.3880787,Center,0.0,0.0,0.0,0.0
1760029890.888261,Center,0.0,0.0,0.0,0.0
1760029891.3884118,Center,0.0,0.0,0.0,0.0
1760029891.8885825,Center,0.0,0.0,0.0,0.0
1760029892.3887115,Center,0.0,0.0,0.0,0.0
1760029892.8887992,Center,0.0,0.0,0.0,0.0
1760029893.3888965,Center,0.0,0.0,0.0,0.0
1760029893.8889802,Center,0.0,0.0,0.0,0.0
1760029894.3890758,Center,0.0,0.0,0.0,0.0
1760029894.889164,Center,0.0,0.0,0.0,0.0
1760029895.3893197,Center,0.0,0.0,0.0,0.0
1760029895.8894064,Center,0.0,0.0,0.0,0.0
1760029896.389513,Center,0.0,0.0,0.0,0.0
1760029896.8896184,Center,0.0,0.0,0.0,0.0
1760029897.3897202,Center,0.0,0.0,0.0,0.0
1760029897.8898368,Center,0.0,0.0,0.0,0.0
1760029898.3899238,Center,0.0,0.0,0.0,0.0
1760029898.890025,Center,0.0,0.0,0.0,0.0
1760029899.3901248,Center,0.0,0.0,0.0,0.0
1760029899.8902316,Center,0.0,0.0,0.0,0.0
1760029900.3903222,Center,0.0,0.0,0.0,0.0
1760029900.8904295,Center,0.0,0.0,0.0,0.0
1760029901.390526,Center,0.0,0.0,0.0,0.0
1760029901.8906136,Center,0.0,0.0,0.0,0.0
1760029902.3907084,Center,0.0,0.0,0.0,0.0
1760029902.8907967,Center,0.0,0.0,0.0,0.0
1760029903.3909037,Center,0.0,0.0,0.0,0.0
1760029903.890989,Center,0.0,0.0,0.0,0.0
1760029904.391086,Center,0.0,0.0,0.0,0.0
1760029904.89117,Center,0.0,0.0,0.0,0.0
1760029905.3912737,Center,0.0,0.0,0.0,0.0
1760029905.8913922,Center,0.0,0.0,0.0,0.0
1760029906.3914793,Center,0.0,0.0,0.0,0.0
1760029906.891583,Center,0.0,0.0,0.0,0.0
1760029907.3916855,Center,0.0,0.0,0.0,0.0
1760029907.8918056,Center,0.0,0.0,0.0,0.0
1760029908.3918934,Center,0.0,0.0,0.0,0.0
1760029908.8919897,Center,0.0,0.0,0.0,0.0
1760029909.3920743,Center,0.0,0.0,0.0,0.0
1760029909.892176,Center,0.0,0.0,0.0,0.0
1760029910.3922777,Center,0.0,0.0,0.0,0.0
1760029910.8923743,Center,0.0,0.0,0.0,0.0
1760029911.3924932,Center,0.0,0.0,0.0,0.0
1760029911.8925807,Center,0.0,0.0,0.0,0.0
1760029912.3926828,Center,0.0,0.0,0.0,0.0
1760029912.8927846,Center,0.0,0.0,0.0,0.0
1760029913.3928854,Center,0.0,0.0,0.0,0.0
1760029913.8930008,Center,0.0,0.0,0.0,0.0
1760029914.3931282,Center,0.0,0.0,0.0,0.0
1760029914.893225,Center,0.0,0.0,0.0,0.0
1760029915.3933432,Center,0.0,0.0,0.0,0.0
1760029915.8934429,Center,0.0,0.0,0.0,0.0
1760029916.3935502,Center,0.0,0.0,0.0,0.0
1760029916.8936517,Center,0.0,0.0,0.0,0.0
1760029917.3937478,Center,0.0,0.0,0.0,0.0
1760029917.8938582,Center,0.0,0.0,0.0,0.0
1760029918.3939466,Center,0.0,0.0,0.0,0.0
1760029918.894047,Center,0.0,0.0,0.0,0.0
1760029919.3941426,Center,0.0,0.0,0.0,0.0
1760029919.8942478,Center,0.0,0.0,0.0,0.0
1760029920.3943496,Center,0.0,0.0,0.0,0.0
1760029920.89446,Center,0.0,0.0,0.0,0.0
1760029921.395404,Center,0.0,0.0,0.0,0.0
1760029921.8954895,Center,0.0,0.0,0.0,0.0
1760029922.3955898,Center,0.0,0.0,0.0,0.0
1760029922.895691,Center,0.0,0.0,0.0,0.0
1760029923.395797,Center,0.0,0.0,0.0,0.0
1760029923.8958817,Center,0.0,0.0,0.0,0.0
1760029924.395982,Center,0.0,0.0,0.0,0.0
1760029924.8960807,Center,0.0,0.0,0.0,0.0
1760029925.3961644,Center,0.0,0.0,0.0,0.0
1760029925.8962586,Center,0.0,0.0,0.0,0.0
1760029926.396346,Center,0.0,0.0,0.0,0.0
1760029926.8964496,Center,0.0,0.0,0.0,0.0
1760029927.3965535,Center,0.0,0.0,0.0,0.0
1760029927.8966858,Center,0.0,0.0,0.0,0.0
1760029928.3968081,Center,0.0,0.0,0.0,0.0
1760029928.8969479,Center,0.0,0.0,0.0,0.0
1760029929.3970842,Center,0.0,0.0,0.0,0.0
1760029929.8971882,Center,0.0,0.0,0.0,0.0
1760029930.3973303,Center,0.0,0.0,0.0,0.0
1760029930.897436,Center,0.0,0.0,0.0,0.0
1760029931.3975675,Center,0.0,0.0,0.0,0.0
1760029931.8976624,Center,0.0,0.0,0.0,0.0
1760029932.3977826,Center,0.0,0.0,0.0,0.0
1760029932.8978815,Center,0.0,0.0,0.0,0.0
1760029933.3980277,Center,0.0,0.0,0.0,0.0
1760029933.8981693,Center,0.0,0.0,0.0,0.0
1760029934.398283,Center,0.0,0.0,0.0,0.0
1760029934.8983836,Center,0.0,0.0,0.0,0.0
1760029935.3984864,Center,0.0,0.0,0.0,0.0
1760029935.8986025,Center,0.0,0.0,0.0,0.0
1760029936.3987036,Center,0.0,0.0,0.0,0.0
1760029936.8988104,Center,0.0,0.0,0.0,0.0
1760029937.3989086,Center,0.0,0.0,0.0,0.0
1760029937.8990362,Center,0.0,0.0,0.0,0.0
1760029938.399168,Center,0.0,0.0,0.0,0.0
1760029938.8992612,Center,0.0,0.0,0.0,0.0
1760029939.399373,Center,0.0,0.0,0.0,0.0
1760029939.89946,Center,0.0,0.0,0.0,0.0
1760029940.3995535,Center,0.0,0.0,0.0,0.0
1760029940.8996406,Center,0.0,0.0,0.0,0.0
1760029941.3997405,Center,0.0,0.0,0.0,0.0
1760029941.8998318,Center,0.0,0.0,0.0,0.0
1760029942.3999786,Center,0.0,0.0,0.0,0.0
1760029942.9001188,Center,0.0,0.0,0.0,0.0
1760029943.4002376,Center,0.0,0.0,0.0,0.0
1760029943.900348,Center,0.0,0.0,0.0,0.0
1760029944.4004667,Center,0.0,0.0,0.0,0.0
1760029944.900567,Center,0.0,0.0,0.0,0.0
1760029945.400651,Center,0.0,0.0,0.0,0.0
1760029945.9007545,Center,0.0,0.0,0.0,0.0
1760029946.4008496,Center,0.0,0.0,0.0,0.0
1760029946.9009516,Center,0.0,0.0,0.0,0.0
1760029947.401075,Center,0.0,0.0,0.0,0.0
1760029947.9011912,Center,0.0,0.0,0.0,0.0
1760029948.4012916,Center,0.0,0.0,0.0,0.0
1760029948.9013774,Center,0.0,0.0,0.0,0.0
1760029949.4014728,Center,0.0,0.0,0.0,0.0
1760029949.901585,Center,0.0,0.0,0.0,0.0
1760029950.4017005,Center,0.0,0.0,0.0,0.0
1760029950.9017923,Center,0.0,0.0,0.0,0.0
1760029951.4019032,Center,0.0,0.0,0.0,0.0
1760029951.9019883,Center,0.0,0.0,0.0,0.0
1760029952.402111,Center,0.0,0.0,0.0,0.0
1760029952.9022088,Center,0.0,0.0,0.0,0.0
1760029953.402293,Center,0.0,0.0,0.0,0.0
1760029953.9023886,Center,0.0,0.0,0.0,0.0
1760029954.4024718,Center,0.0,0.0,0.0,0.0
1760029954.9025702,Center,0.0,0.0,0.0,0.0
1760029955.4026644,Center,0.0,0.0,0.0,0.0
1760029955.9027636,Center,0.0,0.0,0.0,0.0
1760029956.4028494,Center,0.0,0.0,0.0,0.0
1760029956.9029593,Center,0.0,0.0,0.0,0.0
1760029957.403103,Center,0.0,0.0,0.0,0.0
1760029957.9032104,Center,0.0,0.0,0.0,0.0
1760029958.403307,Center,0.0,0.0,0.0,0.0
1760029958.9033947,Center,0.0,0.0,0.0,0.0
1760029959.4035065,Center,0.0,0.0,0.0,0.0
1760029959.9035933,Center,0.0,0.0,0.0,0.0
1760029960.4037268,Center,0.0,0.0,0.0,0.0
1760029960.903809,Center,0.0,0.0,0.0,0.0
1760029961.4039118,Center,0.0,0.0,0.0,0.0
1760029961.9040189,Center,0.0,0.0,0.0,0.0
1760029962.404168,Center,0.0,0.0,0.0,0.0
1760029962.9042714,Center,0.0,0.0,0.0,0.0
1760029963.4043667,Center,0.0,0.0,0.0,0.0
1760029963.904466,Center,0.0,0.0,0.0,0.0
1760029964.404584,Center,0.0,0.0,0.0,0.0
1760029964.9046938,Center,0.0,0.0,0.0,0.0
1760029965.4047823,Center,0.0,0.0,0.0,0.0
1760029965.9049044,Center,0.0,0.0,0.0,0.0
1760029966.4050274,Center,0.0,0.0,0.0,0.0
1760029966.9051242,Center,0.0,0.0,0.0,0.0
1760029967.4052713,Center,0.0,0.0,0.0,0.0
1760029967.9053714,Center,0.0,0.0,0.0,0.0
1760029968.4054909,Center,0.0,0.0,0.0,0.0
1760029968.9055777,Center,0.0,0.0,0.0,0.0
1760029969.4056716,Center,0.0,0.0,0.0,0.0
1760029969.9057534,Center,0.0,0.0,0.0,0.0
1760029970.4058454,Center,0.0,0.0,0.0,0.0
1760029970.9059362,Center,0.0,0.0,0.0,0.0
1760029971.406049,Center,0.0,0.0,0.0,0.0
1760029971.9061475,Center,0.0,0.0,0.0,0.0
1760029972.4062746,Center,0.0,0.0,0.0,0.0
1760029972.9063845,Center,0.0,0.0,0.0,0.0
1760029973.406473,Center,0.0,0.0,0.0,0.0
1760029973.9065785,Center,0.0,0.0,0.0,0.0
1760029974.406693,Center,0.0,0.0,0.0,0.0
1760029974.9067957,Center,0.0,0.0,0.0,0.0
1760029975.4068916,Center,0.0,0.0,0.0,0.0
1760029975.9069922,Center,0.0,0.0,0.0,0.0
1760029976.4070876,Center,0.0,0.0,0.0,0.0
1760029976.9071774,Center,0.0,0.0,0.0,0.0
1760029977.4073153,Center,0.0,0.0,0.0,0.0
1760029977.9074118,Center,0.0,0.0,0.0,0.0
1760029978.4075077,Center,0.0,0.0,0.0,0.0
1760029978.9076207,Center,0.0,0.0,0.0,0.0
1760029979.4077313,Center,0.0,0.0,0.0,0.0
1760029979.907815,Center,0.0,0.0,0.0,0.0
1760029980.4079185,Center,0.0,0.0,0.0,0.0
1760029980.9080114,Center,0.0,0.0,0.0,0.0
1760029981.4080982,Center,0.0,0.0,0.0,0.0
1760029981.9081922,Center,0.0,0.0,0.0,0.0
1760029982.408279,Center,0.0,0.0,0.0,0.0
1760029982.9083931,Center,0.0,0.0,0.0,0.0
1760029983.4084868,Center,0.0,0.0,0.0,0.0
1760029983.908587,Center,0.0,0.0,0.0,0.0
1760029984.408672,Center,0.0,0.0,0.0,0.0
1760029984.9087725,Center,0.0,0.0,0.0,0.0
1760029985.4088645,Center,0.0,0.0,0.0,0.0
1760029985.908979,Center,0.0,0.0,0.0,0.0
1760029986.4090965,Center,0.0,0.0,0.0,0.0
1760029986.9091868,Center,0.0,0.0,0.0,0.0
1760029987.4093065,Center,0.0,0.0,0.0,0.0
1760029987.9094415,Center,0.0,0.0,0.0,0.0
1760029988.4095404,Center,0.0,0.0,0.0,0.0
1760029988.9096231,Center,0.0,0.0,0.0,0.0
1760029989.409723,Center,0.0,0.0,0.0,0.0
1760029989.9098191,Center,0.0,0.0,0.0,0.0
1760029990.4099023,Center,0.0,0.0,0.0,0.0
1760029990.9099994,Center,0.0,0.0,0.0,0.0
1760029991.410094,Center,0.0,0.0,0.0,0.0
1760029991.9101906,Center,0.0,0.0,0.0,0.0
1760029992.4102795,Center,0.0,0.0,0.0,0.0
1760029992.9104257,Center,0.0,0.0,0.0,0.0
1760029993.410518,Center,0.0,0.0,0.0,0.0
1760029993.910618,Center,0.0,0.0,0.0,0.0
1760029994.4107068,Center,0.0,0.0,0.0,0.0
1760029994.9108105,Center,0.0,0.0,0.0,0.0
1760029995.410936,Center,0.0,0.0,0.0,0.0
1760029995.911034,Center,0.0,0.0,0.0,0.0
1760029996.4111454,Center,0.0,0.0,0.0,0.0
1760029996.9112518,Center,0.0,0.0,0.0,0.0
1760029997.411366,Center,0.0,0.0,0.0,0.0
1760029997.9114678,Center,0.0,0.0,0.0,0.0
1760029998.4115667,Center,0.0,0.0,0.0,0.0
1760029998.9116576,Center,0.0,0.0,0.0,0.0
1760029999.4117737,Center,0.0,0.0,0.0,0.0
1760029999.911897,Center,0.0,0.0,0.0,0.0
1760030000.4119868,Center,0.0,0.0,0.0,0.0
1760030000.9120865,Center,0.0,0.0,0.0,0.0
1760030001.4121678,Center,0.0,0.0,0.0,0.0
1760030001.912261,Center,0.0,0.0,0.0,0.0
1760030002.4123504,Center,0.0,0.0,0.0,0.0
1760030002.9124691,Center,0.0,0.0,0.0,0.0
1760030003.4125872,Center,0.0,0.0,0.0,0.0
1760030003.9127042,Center,0.0,0.0,0.0,0.0
1760030004.4128249,Center,0.0,0.0,0.0,0.0
1760030004.912915,Center,0.0,0.0,0.0,0.0
1760030005.4130187,Center,0.0,0.0,0.0,0.0
1760030005.9131148,Center,0.0,0.0,0.0,0.0
1760030006.4132116,Center,0.0,0.0,0.0,0.0
1760030006.9133034,Center,0.0,0.0,0.0,0.0
1760030007.4134233,Center,0.0,0.0,0.0,0.0
1760030007.9135187,Center,0.0,0.0,0.0,0.0
1760030008.4136457,Center,0.0,0.0,0.0,0.0
1760030008.9137464,Center,0.0,0.0,0.0,0.0
1760030009.413832,Center,0.0,0.0,0.0,0.0
1760030009.9139388,Center,0.0,0.0,0.0,0.0
1760030010.414047,Center,0.0,0.0,0.0,0.0
1760030010.9141607,Center,0.0,0.0,0.0,0.0
1760030011.4142618,Center,0.0,0.0,0.0,0.0
1760030011.9143724,Center,0.0,0.0,0.0,0.0
1760030012.414468,Center,0.0,0.0,0.0,0.0
1760030012.914588,Center,0.0,0.0,0.0,0.0
1760030013.4147174,Center,0.0,0.0,0.0,0.0
1760030013.9148154,Center,0.0,0.0,0.0,0.0
1760030014.4149327,Center,0.0,0.0,0.0,0.0
1760030014.9150257,Center,0.0,0.0,0.0,0.0
1760030015.4151466,Center,0.0,0.0,0.0,0.0
1760030015.915238,Center,0.0,0.0,0.0,0.0
1760030016.415347,Center,0.0,0.0,0.0,0.0
1760030016.9154387,Center,0.0,0.0,0.0,0.0
1760030017.4155831,Center,0.0,0.0,0.0,0.0
1760030017.9157438,Center,0.0,0.0,0.0,0.0
1760030018.4158733,Center,0.0,0.0,0.0,0.0
1760030018.9159925,Center,0.0,0.0,0.0,0.0
1760030019.4161053,Center,0.0,0.0,0.0,0.0
1760030019.9162335,Center,0.0,0.0,0.0,0.0
1760030020.4163375,Center,0.0,0.0,0.0,0.0
1760030020.916473,Center,0.0,0.0,0.0,0.0
1760030021.4165769,Center,0.0,0.0,0.0,0.0
1760030021.9167268,Center,0.0,0.0,0.0,0.0
1760030022.4168742,Center,0.0,0.0,0.0,0.0
1760030022.9170122,Center,0.0,0.0,0.0,0.0
1760030023.4171722,Center,0.0,0.0,0.0,0.0
1760030023.9172752,Center,0.0,0.0,0.0,0.0
1760030024.4174073,Center,0.0,0.0,0.0,0.0
1760030024.9175107,Center,0.0,0.0,0.0,0.0
1760030025.4176443,Center,0.0,0.0,0.0,0.0
1760030025.917742,Center,0.0,0.0,0.0,0.0
1760030026.4178739,Center,0.0,0.0,0.0,0.0
1760030026.9179828,Center,0.0,0.0,0.0,0.0
1760030027.4181306,Center,0.0,0.0,0.0,0.0
1760030027.9182627,Center,0.0,0.0,0.0,0.0
1760030028.4183764,Center,0.0,0.0,0.0,0.0
1760030028.9185116,Center,0.0,0.0,0.0,0.0
1760030029.418651,Center,0.0,0.0,0.0,0.0
1760030029.9187806,Center,0.0,0.0,0.0,0.0
1760030030.4188843,Center,0.0,0.0,0.0,0.0
1760030030.919016,Center,0.0,0.0,0.0,0.0
1760030031.4191265,Center,0.0,0.0,0.0,0.0
1760030031.919278,Center,0.0,0.0,0.0,0.0
1760030032.4194176,Center,0.0,0.0,0.0,0.0
1760030032.9195373,Center,0.0,0.0,0.0,0.0
1760030033.419685,Center,0.0,0.0,0.0,0.0
1760030033.9198163,Center,0.0,0.0,0.0,0.0
1760030034.4199471,Center,0.0,0.0,0.0,0.0
1760030034.920052,Center,0.0,0.0,0.0,0.0
1760030035.4201832,Center,0.0,0.0,0.0,0.0
1760030035.9202888,Center,0.0,0.0,0.0,0.0
1760030036.4204378,Center,0.0,0.0,0.0,0.0
1760030036.9205744,Center,0.0,0.0,0.0,0.0
1760030037.420696,Center,0.0,0.0,0.0,0.0
1760030037.9208307,Center,0.0,0.0,0.0,0.0
1760030038.4209347,Center,0.0,0.0,0.0,0.0
1760030038.921103,Center,0.0,0.0,0.0,0.0
1760030039.4212177,Center,0.0,0.0,0.0,0.0
1760030039.9213686,Center,0.0,0.0,0.0,0.0
1760030040.4214942,Center,0.0,0.0,0.0,0.0
1760030040.9216268,Center,0.0,0.0,0.0,0.0
1760030041.4217224,Center,0.0,0.0,0.0,0.0
1760030041.921827,Center,0.0,0.0,0.0,0.0
1760030042.4219344,Center,0.0,0.0,0.0,0.0
1760030042.9220493,Center,0.0,0.0,0.0,0.0
1760030043.4221652,Center,0.0,0.0,0.0,0.0
1760030043.9235425,Center,0.0,0.0,0.0,0.0
1760030044.423649,Center,0.0,0.0,0.0,0.0
1760030044.9237354,Center,0.0,0.0,0.0,0.0
1760030045.4238467,Center,0.0,0.0,0.0,0.0
1760030045.923975,Center,0.0,0.0,0.0,0.0
1760030046.4240944,Center,0.0,0.0,0.0,0.0
1760030046.9242055,Center,0.0,0.0,0.0,0.0
1760030047.4243195,Center,0.0,0.0,0.0,0.0
1760030047.9244418,Center,0.0,0.0,0.0,0.0
1760030048.424541,Center,0.0,0.0,0.0,0.0
1760030048.9246871,Center,0.0,0.0,0.0,0.0
1760030049.4247751,Center,0.0,0.0,0.0,0.0
1760030049.9248712,Center,0.0,0.0,0.0,0.0
1760030050.4249573,Center,0.0,0.0,0.0,0.0
1760030050.9250593,Center,0.0,0.0,0.0,0.0
1760030051.4251695,Center,0.0,0.0,0.0,0.0
1760030051.9252594,Center,0.0,0.0,0.0,0.0
1760030052.425357,Center,0.0,0.0,0.0,0.0
1760030052.9254432,Center,0.0,0.0,0.0,0.0
1760030053.4255402,Center,0.0,0.0,0.0,0.0
1760030053.9256277,Center,0.0,0.0,0.0,0.0
1760030054.425726,Center,0.0,0.0,0.0,0.0
1760030054.9258132,Center,0.0,0.0,0.0,0.0
1760030055.425968,Center,0.0,0.0,0.0,0.0
1760030055.9260826,Center,0.0,0.0,0.0,0.0
1760030056.4261792,Center,0.0,0.0,0.0,0.0
1760030056.926295,Center,0.0,0.0,0.0,0.0
1760030057.426405,Center,0.0,0.0,0.0,0.0
1760030057.926558,Center,0.0,0.0,0.0,0.0
1760030058.4266584,Center,0.0,0.0,0.0,0.0
1760030058.926764,Center,0.0,0.0,0.0,0.0
1760030059.4268873,Center,0.0,0.0,0.0,0.0
1760030059.9270058,Center,0.0,0.0,0.0,0.0
1760030060.4271467,Center,0.0,0.0,0.0,0.0
1760030060.927251,Center,0.0,0.0,0.0,0.0
1760030061.4273837,Center,0.0,0.0,0.0,0.0
1760030061.927487,Center,0.0,0.0,0.0,0.0
1760030062.4276237,Center,0.0,0.0,0.0,0.0
1760030062.9277458,Center,0.0,0.0,0.0,0.0
1760030063.427876,Center,0.0,0.0,0.0,0.0
1760030063.9279768,Center,0.0,0.0,0.0,0.0
1760030064.4281452,Center,0.0,0.0,0.0,0.0
1760030064.9282725,Center,0.0,0.0,0.0,0.0
1760030065.428371,Center,0.0,0.0,0.0,0.0
1760030065.9284708,Center,0.0,0.0,0.0,0.0
1760030066.428555,Center,0.0,0.0,0.0,0.0
1760030066.928656,Center,0.0,0.0,0.0,0.0
1760030067.428757,Center,0.0,0.0,0.0,0.0
1760030067.928863,Center,0.0,0.0,0.0,0.0
1760030068.4289496,Center,0.0,0.0,0.0,0.0
1760030068.9290502,Center,0.0,0.0,0.0,0.0
1760030069.429166,Center,0.0,0.0,0.0,0.0
1760030069.929248,Center,0.0,0.0,0.0,0.0
1760030070.4293377,Center,0.0,0.0,0.0,0.0
1760030070.9294243,Center,0.0,0.0,0.0,0.0
1760030071.429532,Center,0.0,0.0,0.0,0.0
1760030071.9296432,Center,0.0,0.0,0.0,0.0
1760030072.429746,Center,0.0,0.0,0.0,0.0
1760030072.9298363,Center,0.0,0.0,0.0,0.0
1760030073.4299371,Center,0.0,0.0,0.0,0.0
1760030073.9300241,Center,0.0,0.0,0.0,0.0
1760030074.4301436,Center,0.0,0.0,0.0,0.0
1760030074.9302628,Center,0.0,0.0,0.0,0.0
1760030075.4303608,Center,0.0,0.0,0.0,0.0
1760030075.9304667,Center,0.0,0.0,0.0,0.0
1760030076.4305809,Center,0.0,0.0,0.0,0.0
1760030076.9306836,Center,0.0,0.0,0.0,0.0
1760030077.4307842,Center,0.0,0.0,0.0,0.0
1760030077.9309018,Center,0.0,0.0,0.0,0.0
1760030078.4309888,Center,0.0,0.0,0.0,0.0
1760030078.9311182,Center,0.0,0.0,0.0,0.0
1760030079.4312575,Center,0.0,0.0,0.0,0.0
1760030079.9313414,Center,0.0,0.0,0.0,0.0
1760030080.4314368,Center,0.0,0.0,0.0,0.0
1760030080.9315183,Center,0.0,0.0,0.0,0.0
1760030081.4316108,Center,0.0,0.0,0.0,0.0
1760030081.9317017,Center,0.0,0.0,0.0,0.0
1760030082.431818,Center,0.0,0.0,0.0,0.0
1760030082.9319048,Center,0.0,0.0,0.0,0.0
1760030083.4320157,Center,0.0,0.0,0.0,0.0
1760030083.9321144,Center,0.0,0.0,0.0,0.0
1760030084.4322014,Center,0.0,0.0,0.0,0.0
1760030084.9323065,Center,0.0,0.0,0.0,0.0
1760030085.432399,Center,0.0,0.0,0.0,0.0
1760030085.9325445,Center,0.0,0.0,0.0,0.0
1760030086.4326396,Center,0.0,0.0,0.0,0.0
1760030086.9327602,Center,0.0,0.0,0.0,0.0
1760030087.4328682,Center,0.0,0.0,0.0,0.0
1760030087.9329944,Center,0.0,0.0,0.0,0.0
1760030088.4331172,Center,0.0,0.0,0.0,0.0
1760030088.9332242,Center,0.0,0.0,0.0,0.0
1760030089.433347,Center,0.0,0.0,0.0,0.0
1760030089.9334598,Center,0.0,0.0,0.0,0.0
1760030090.433591,Center,0.0,0.0,0.0,0.0
1760030090.9336889,Center,0.0,0.0,0.0,0.0
1760030091.4338155,Center,0.0,0.0,0.0,0.0
1760030091.9339116,Center,0.0,0.0,0.0,0.0
1760030092.4340525,Center,0.0,0.0,0.0,0.0
1760030092.9341896,Center,0.0,0.0,0.0,0.0
1760030093.4343002,Center,0.0,0.0,0.0,0.0
1760030093.9344282,Center,0.0,0.0,0.0,0.0
1760030094.4345288,Center,0.0,0.0,0.0,0.0
1760030094.9346652,Center,0.0,0.0,0.0,0.0
1760030095.4347944,Center,0.0,0.0,0.0,0.0
1760030095.934923,Center,0.0,0.0,0.0,0.0
1760030096.435022,Center,0.0,0.0,0.0,0.0
1760030096.9351892,Center,0.0,0.0,0.0,0.0
1760030097.4353268,Center,0.0,0.0,0.0,0.0
1760030097.9354417,Center,0.0,0.0,0.0,0.0
1760030098.43559,Center,0.0,0.0,0.0,0.0
1760030098.9356902,Center,0.0,0.0,0.0,0.0
1760030099.435824,Center,0.0,0.0,0.0,0.0
1760030099.9359453,Center,0.0,0.0,0.0,0.0
1760030100.4361153,Center,0.0,0.0,0.0,0.0
1760030100.9362128,Center,0.0,0.0,0.0,0.0
1760030101.4363358,Center,0.0,0.0,0.0,0.0
1760030101.936432,Center,0.0,0.0,0.0,0.0
1760030102.4365537,Center,0.0,0.0,0.0,0.0
1760030102.9366841,Center,0.0,0.0,0.0,0.0
1760030103.4367774,Center,0.0,0.0,0.0,0.0
1760030103.9368794,Center,0.0,0.0,0.0,0.0
1760030104.4369621,Center,0.0,0.0,0.0,0.0
1760030104.9370513,Center,0.0,0.0,0.0,0.0
1760030105.4371338,Center,0.0,0.0,0.0,0.0
1760030105.9372346,Center,0.0,0.0,0.0,0.0
1760030106.4373457,Center,0.0,0.0,0.0,0.0
1760030106.9374547,Center,0.0,0.0,0.0,0.0
1760030107.4375687,Center,0.0,0.0,0.0,0.0
1760030107.9376786,Center,0.0,0.0,0.0,0.0
1760030108.4377775,Center,0.0,0.0,0.0,0.0
1760030108.9378595,Center,0.0,0.0,0.0,0.0
1760030109.4379547,Center,0.0,0.0,0.0,0.0
1760030109.9380374,Center,0.0,0.0,0.0,0.0
1760030110.4381347,Center,0.0,0.0,0.0,0.0
1760030110.9382234,Center,0.0,0.0,0.0,0.0
1760030111.4383435,Center,0.0,0.0,0.0,0.0
1760030111.9384665,Center,0.0,0.0,0.0,0.0
1760030112.4386034,Center,0.0,0.0,0.0,0.0
1760030112.9387362,Center,0.0,0.0,0.0,0.0
1760030113.4388337,Center,0.0,0.0,0.0,0.0
1760030113.93896,Center,0.0,0.0,0.0,0.0
1760030114.4390564,Center,0.0,0.0,0.0,0.0
1760030114.9391975,Center,0.0,0.0,0.0,0.0
1760030115.4393265,Center,0.0,0.0,0.0,0.0
1760030115.9394798,Center,0.0,0.0,0.0,0.0
1760030116.439612,Center,0.0,0.0,0.0,0.0
1760030116.93972,Center,0.0,0.0,0.0,0.0
1760030117.439855,Center,0.0,0.0,0.0,0.0
1760030117.9399593,Center,0.0,0.0,0.0,0.0
1760030118.4400914,Center,0.0,0.0,0.0,0.0
1760030118.940189,Center,0.0,0.0,0.0,0.0
1760030119.4403138,Center,0.0,0.0,0.0,0.0
1760030119.9404056,Center,0.0,0.0,0.0,0.0
1760030120.440522,Center,0.0,0.0,0.0,0.0
1760030120.9406157,Center,0.0,0.0,0.0,0.0
1760030121.4406967,Center,0.0,0.0,0.0,0.0
1760030121.9407873,Center,0.0,0.0,0.0,0.0
1760030122.4408755,Center,0.0,0.0,0.0,0.0
1760030122.9409926,Center,0.0,0.0,0.0,0.0
1760030123.4410865,Center,0.0,0.0,0.0,0.0
1760030123.9411886,Center,0.0,0.0,0.0,0.0
1760030124.4412715,Center,0.0,0.0,0.0,0.0
1760030124.941383,Center,0.0,0.0,0.0,0.0
1760030125.4415834,Center,0.0,0.0,0.0,0.0
1760030125.9416862,Center,0.0,0.0,0.0,0.0
1760030126.4417899,Center,0.0,0.0,0.0,0.0
1760030126.9418874,Center,0.0,0.0,0.0,0.0
1760030127.4420047,Center,0.0,0.0,0.0,0.0
1760030127.9420989,Center,0.0,0.0,0.0,0.0
1760030128.4421973,Center,0.0,0.0,0.0,0.0
1760030128.9422786,Center,0.0,0.0,0.0,0.0
1760030129.4423988,Center,0.0,0.0,0.0,0.0
1760030129.9424908,Center,0.0,0.0,0.0,0.0
1760030130.4426076,Center,0.0,0.0,0.0,0.0
1760030130.9427066,Center,0.0,0.0,0.0,0.0
1760030131.4428005,Center,0.0,0.0,0.0,0.0
1760030131.942897,Center,0.0,0.0,0.0,0.0
1760030132.4429808,Center,0.0,0.0,0.0,0.0
1760030132.9430768,Center,0.0,0.0,0.0,0.0
1760030133.4431577,Center,0.0,0.0,0.0,0.0
1760030133.94325,Center,0.0,0.0,0.0,0.0
1760030134.443333,Center,0.0,0.0,0.0,0.0
1760030134.9434364,Center,0.0,0.0,0.0,0.0
1760030135.4435797,Center,0.0,0.0,0.0,0.0
1760030135.9436672,Center,0.0,0.0,0.0,0.0
1760030136.443774,Center,0.0,0.0,0.0,0.0
1760030136.9438708,Center,0.0,0.0,0.0,0.0
1760030137.443983,Center,0.0,0.0,0.0,0.0
1760030137.9440863,Center,0.0,0.0,0.0,0.0
1760030138.4441829,Center,0.0,0.0,0.0,0.0
1760030138.9442685,Center,0.0,0.0,0.0,0.0
1760030139.4443808,Center,0.0,0.0,0.0,0.0
1760030139.9444873,Center,0.0,0.0,0.0,0.0
1760030140.4445739,Center,0.0,0.0,0.0,0.0
1760030140.944671,Center,0.0,0.0,0.0,0.0
1760030141.4447548,Center,0.0,0.0,0.0,0.0
1760030141.9448483,Center,0.0,0.0,0.0,0.0
1760030142.4449317,Center,0.0,0.0,0.0,0.0
1760030142.9450302,Center,0.0,0.0,0.0,0.0
1760030143.4451222,Center,0.0,0.0,0.0,0.0
1760030143.9452853,Center,0.0,0.0,0.0,0.0
1760030144.445419,Center,0.0,0.0,0.0,0.0
1760030144.9455042,Center,0.0,0.0,0.0,0.0
1760030145.4456017,Center,0.0,0.0,0.0,0.0
1760030145.945688,Center,0.0,0.0,0.0,0.0
1760030146.4457972,Center,0.0,0.0,0.0,0.0
1760030146.9458928,Center,0.0,0.0,0.0,0.0
1760030147.4460053,Center,0.0,0.0,0.0,0.0
1760030147.946108,Center,0.0,0.0,0.0,0.0
1760030148.4462466,Center,0.0,0.0,0.0,0.0
1760030148.9463894,Center,0.0,0.0,0.0,0.0
1760030149.4464812,Center,0.0,0.0,0.0,0.0
1760030149.9465928,Center,0.0,0.0,0.0,0.0
1760030150.446694,Center,0.0,0.0,0.0,0.0
1760030150.9468467,Center,0.0,0.0,0.0,0.0
1760030151.4476423,Center,0.0,0.0,0.0,0.0
1760030151.9477682,Center,0.0,0.0,0.0,0.0
1760030152.4478679,Center,0.0,0.0,0.0,0.0
1760030152.9480054,Center,0.0,0.0,0.0,0.0
1760030153.4481378,Center,0.0,0.0,0.0,0.0
1760030153.948281,Center,0.0,0.0,0.0,0.0
1760030154.448411,Center,0.0,0.0,0.0,0.0
1760030154.948498,Center,0.0,0.0,0.0,0.0
1760030155.44862,Center,0.0,0.0,0.0,0.0
1760030155.9487216,Center,0.0,0.0,0.0,0.0
1760030156.4488769,Center,0.0,0.0,0.0,0.0
1760030156.9489756,Center,0.0,0.0,0.0,0.0
1760030157.4490976,Center,0.0,0.0,0.0,0.0
1760030157.9491997,Center,0.0,0.0,0.0,0.0
1760030158.449327,Center,0.0,0.0,0.0,0.0
1760030158.9494472,Center,0.0,0.0,0.0,0.0
1760030159.449549,Center,0.0,0.0,0.0,0.0
1760030159.9496748,Center,0.0,0.0,0.0,0.0
1760030160.4497886,Center,0.0,0.0,0.0,0.0
1760030160.9499092,Center,0.0,0.0,0.0,0.0
1760030161.450028,Center,0.0,0.0,0.0,0.0
1760030161.9501376,Center,0.0,0.0,0.0,0.0
1760030162.4502318,Center,0.0,0.0,0.0,0.0
1760030162.9503472,Center,0.0,0.0,0.0,0.0
1760030163.4504638,Center,0.0,0.0,0.0,0.0
1760030163.9505615,Center,0.0,0.0,0.0,0.0
1760030164.4506755,Center,0.0,0.0,0.0,0.0
1760030164.950769,Center,0.0,0.0,0.0,0.0
1760030165.4508843,Center,0.0,0.0,0.0,0.0
1760030165.9509754,Center,0.0,0.0,0.0,0.0
1760030166.451115,Center,0.0,0.0,0.0,0.0
1760030166.9512143,Center,0.0,0.0,0.0,0.0
1760030167.4513288,Center,0.0,0.0,0.0,0.0
1760030167.9514494,Center,0.0,0.0,0.0,0.0
1760030168.4515615,Center,0.0,0.0,0.0,0.0
1760030168.9516828,Center,0.0,0.0,0.0,0.0
1760030169.4517772,Center,0.0,0.0,0.0,0.0
1760030169.9518862,Center,0.0,0.0,0.0,0.0
1760030170.4519901,Center,0.0,0.0,0.0,0.0
1760030170.9521043,Center,0.0,0.0,0.0,0.0
1760030171.4522233,Center,0.0,0.0,0.0,0.0
1760030171.9523444,Center,0.0,0.0,0.0,0.0
1760030172.4524627,Center,0.0,0.0,0.0,0.0
1760030172.952561,Center,0.0,0.0,0.0,0.0
1760030173.4526775,Center,0.0,0.0,0.0,0.0
1760030173.952776,Center,0.0,0.0,0.0,0.0
1760030174.4528913,Center,0.0,0.0,0.0,0.0
1760030174.952985,Center,0.0,0.0,0.0,0.0
1760030175.4530985,Center,0.0,0.0,0.0,0.0
1760030175.953197,Center,0.0,0.0,0.0,0.0
1760030176.4533432,Center,0.0,0.0,0.0,0.0
1760030176.953463,Center,0.0,0.0,0.0,0.0
1760030177.4535654,Center,0.0,0.0,0.0,0.0
1760030177.9536905,Center,0.0,0.0,0.0,0.0
1760030178.4537992,Center,0.0,0.0,0.0,0.0
1760030178.9539123,Center,0.0,0.0,0.0,0.0
1760030179.4540114,Center,0.0,0.0,0.0,0.0
1760030179.954117,Center,0.0,0.0,0.0,0.0
1760030180.4542134,Center,0.0,0.0,0.0,0.0
1760030180.9543266,Center,0.0,0.0,0.0,0.0
1760030181.4544487,Center,0.0,0.0,0.0,0.0
1760030181.9545603,Center,0.0,0.0,0.0,0.0
1760030182.4546723,Center,0.0,0.0,0.0,0.0
1760030182.9547808,Center,0.0,0.0,0.0,0.0
1760030183.4548936,Center,0.0,0.0,0.0,0.0
1760030183.9549768,Center,0.0,0.0,0.0,0.0
1760030184.455075,Center,0.0,0.0,0.0,0.0
1760030184.955158,Center,0.0,0.0,0.0,0.0
1760030185.455256,Center,0.0,0.0,0.0,0.0
1760030185.955339,Center,0.0,0.0,0.0,0.0
1760030186.4554665,Center,0.0,0.0,0.0,0.0
1760030186.955586,Center,0.0,0.0,0.0,0.0
1760030187.4557176,Center,0.0,0.0,0.0,0.0
1760030187.9558344,Center,0.0,0.0,0.0,0.0
1760030188.455922,Center,0.0,0.0,0.0,0.0
1760030188.9560225,Center,0.0,0.0,0.0,0.0
1760030189.456106,Center,0.0,0.0,0.0,0.0
1760030189.9562159,Center,0.0,0.0,0.0,0.0
1760030190.4563353,Center,0.0,0.0,0.0,0.0
1760030190.9564595,Center,0.0,0.0,0.0,0.0
1760030191.456605,Center,0.0,0.0,0.0,0.0
1760030191.9566922,Center,0.0,0.0,0.0,0.0
1760030192.456792,Center,0.0,0.0,0.0,0.0
1760030192.9568772,Center,0.0,0.0,0.0,0.0
1760030193.4569757,Center,0.0,0.0,0.0,0.0
1760030193.9570608,Center,0.0,0.0,0.0,0.0
1760030194.4571576,Center,0.0,0.0,0.0,0.0
1760030194.957248,Center,0.0,0.0,0.0,0.0
1760030195.4573634,Center,0.0,0.0,0.0,0.0
1760030195.957466,Center,0.0,0.0,0.0,0.0
1760030196.4575644,Center,0.0,0.0,0.0,0.0
1760030196.9576812,Center,0.0,0.0,0.0,0.0
1760030197.4577854,Center,0.0,0.0,0.0,0.0
1760030197.9579043,Center,0.0,0.0,0.0,0.0
1760030198.4579928,Center,0.0,0.0,0.0,0.0
1760030198.9580982,Center,0.0,0.0,0.0,0.0
1760030199.458193,Center,0.0,0.0,0.0,0.0
1760030199.9583166,Center,0.0,0.0,0.0,0.0
1760030200.458421,Center,0.0,0.0,0.0,0.0
1760030200.958508,Center,0.0,0.0,0.0,0.0
1760030201.4586082,Center,0.0,0.0,0.0,0.0
1760030201.958729,Center,0.0,0.0,0.0,0.0
1760030202.4588442,Center,0.0,0.0,0.0,0.0
1760030202.9589374,Center,0.0,0.0,0.0,0.0
1760030203.4590492,Center,0.0,0.0,0.0,0.0
1760030203.9591467,Center,0.0,0.0,0.0,0.0
1760030204.459259,Center,0.0,0.0,0.0,0.0
1760030204.9593763,Center,0.0,0.0,0.0,0.0
1760030205.4594698,Center,0.0,0.0,0.0,0.0
1760030205.95957,Center,0.0,0.0,0.0,0.0
1760030206.4596636,Center,0.0,0.0,0.0,0.0
1760030206.9597828,Center,0.0,0.0,0.0,0.0
1760030207.4599116,Center,0.0,0.0,0.0,0.0
1760030207.9600356,Center,0.0,0.0,0.0,0.0
1760030208.460145,Center,0.0,0.0,0.0,0.0
1760030208.960274,Center,0.0,0.0,0.0,0.0
1760030209.4603698,Center,0.0,0.0,0.0,0.0
1760030209.9604807,Center,0.0,0.0,0.0,0.0
1760030210.460581,Center,0.0,0.0,0.0,0.0
1760030210.9606714,Center,0.0,0.0,0.0,0.0
1760030211.4607818,Center,0.0,0.0,0.0,0.0
1760030211.960868,Center,0.0,0.0,0.0,0.0
1760030212.461003,Center,0.0,0.0,0.0,0.0
1760030212.961113,Center,0.0,0.0,0.0,0.0
1760030213.4612153,Center,0.0,0.0,0.0,0.0
1760030213.9613056,Center,0.0,0.0,0.0,0.0
1760030214.4614308,Center,0.0,0.0,0.0,0.0
1760030214.9615397,Center,0.0,0.0,0.0,0.0
1760030215.4616368,Center,0.0,0.0,0.0,0.0
1760030215.9617403,Center,0.0,0.0,0.0,0.0
1760030216.4618344,Center,0.0,0.0,0.0,0.0
1760030216.9619436,Center,0.0,0.0,0.0,0.0
1760030217.46204,Center,0.0,0.0,0.0,0.0
1760030217.9621618,Center,0.0,0.0,0.0,0.0
1760030218.4622571,Center,0.0,0.0,0.0,0.0
1760030218.9623673,Center,0.0,0.0,0.0,0.0
1760030219.4624784,Center,0.0,0.0,0.0,0.0
1760030219.9625733,Center,0.0,0.0,0.0,0.0
1760030220.4626935,Center,0.0,0.0,0.0,0.0
1760030220.9627802,Center,0.0,0.0,0.0,0.0
1760030221.4628963,Center,0.0,0.0,0.0,0.0
1760030221.963019,Center,0.0,0.0,0.0,0.0
1760030222.4631338,Center,0.0,0.0,0.0,0.0
1760030222.9632268,Center,0.0,0.0,0.0,0.0
1760030223.4633775,Center,0.0,0.0,0.0,0.0
1760030223.9634893,Center,0.0,0.0,0.0,0.0
1760030224.4635754,Center,0.0,0.0,0.0,0.0
1760030224.963677,Center,0.0,0.0,0.0,0.0
1760030225.4637692,Center,0.0,0.0,0.0,0.0
1760030225.963877,Center,0.0,0.0,0.0,0.0
1760030226.4639902,Center,0.0,0.0,0.0,0.0
1760030226.9641387,Center,0.0,0.0,0.0,0.0
1760030227.4642396,Center,0.0,0.0,0.0,0.0
1760030227.9643586,Center,0.0,0.0,0.0,0.0
1760030228.4644578,Center,0.0,0.0,0.0,0.0
1760030228.9645405,Center,0.0,0.0,0.0,0.0
1760030229.4646358,Center,0.0,0.0,0.0,0.0
1760030229.9647174,Center,0.0,0.0,0.0,0.0
1760030230.4648147,Center,0.0,0.0,0.0,0.0
1760030230.9649055,Center,0.0,0.0,0.0,0.0
1760030231.4650161,Center,0.0,0.0,0.0,0.0
1760030231.9651108,Center,0.0,0.0,0.0,0.0
1760030232.4652333,Center,0.0,0.0,0.0,0.0
1760030232.9653273,Center,0.0,0.0,0.0,0.0
1760030233.4654298,Center,0.0,0.0,0.0,0.0
1760030233.9655287,Center,0.0,0.0,0.0,0.0
1760030234.465613,Center,0.0,0.0,0.0,0.0
1760030234.965714,Center,0.0,0.0,0.0,0.0
1760030235.4658155,Center,0.0,0.0,0.0,0.0
1760030235.9659324,Center,0.0,0.0,0.0,0.0
1760030236.4660242,Center,0.0,0.0,0.0,0.0
1760030236.9661345,Center,0.0,0.0,0.0,0.0
1760030237.4662278,Center,0.0,0.0,0.0,0.0
1760030237.9663885,Center,0.0,0.0,0.0,0.0
1760030238.4665103,Center,0.0,0.0,0.0,0.0
1760030238.9666054,Center,0.0,0.0,0.0,0.0
1760030239.4667196,Center,0.0,0.0,0.0,0.0
1760030239.9668093,Center,0.0,0.0,0.0,0.0
1760030240.4669075,Center,0.0,0.0,0.0,0.0
1760030240.9669917,Center,0.0,0.0,0.0,0.0
1760030241.4670866,Center,0.0,0.0,0.0,0.0
1760030241.9671702,Center,0.0,0.0,0.0,0.0
1760030242.4672782,Center,0.0,0.0,0.0,0.0
1760030242.9674268,Center,0.0,0.0,0.0,0.0
1760030243.4675236,Center,0.0,0.0,0.0,0.0
1760030243.967626,Center,0.0,0.0,0.0,0.0
1760030244.467711,Center,0.0,0.0,0.0,0.0
1760030244.9678345,Center,0.0,0.0,0.0,0.0
1760030245.4679284,Center,0.0,0.0,0.0,0.0
1760030245.9680269,Center,0.0,0.0,0.0,0.0
1760030246.4681172,Center,0.0,0.0,0.0,0.0
1760030246.9682298,Center,0.0,0.0,0.0,0.0
1760030247.4683473,Center,0.0,0.0,0.0,0.0
1760030247.9684477,Center,0.0,0.0,0.0,0.0
1760030248.4685552,Center,0.0,0.0,0.0,0.0
1760030248.9686468,Center,0.0,0.0,0.0,0.0
1760030249.4687617,Center,0.0,0.0,0.0,0.0
1760030249.9688482,Center,0.0,0.0,0.0,0.0
1760030250.4689558,Center,0.0,0.0,0.0,0.0
1760030250.9690435,Center,0.0,0.0,0.0,0.0
1760030251.4691982,Center,0.0,0.0,0.0,0.0
1760030251.969317,Center,0.0,0.0,0.0,0.0
1760030252.469409,Center,0.0,0.0,0.0,0.0
1760030252.9695303,Center,0.0,0.0,0.0,0.0
1760030253.4696524,Center,0.0,0.0,0.0,0.0
1760030253.9697526,Center,0.0,0.0,0.0,0.0
1760030254.4698412,Center,0.0,0.0,0.0,0.0
1760030254.969954,Center,0.0,0.0,0.0,0.0
1760030255.4700615,Center,0.0,0.0,0.0,0.0
1760030255.9702237,Center,0.0,0.0,0.0,0.0
1760030256.47039,Center,0.0,0.0,0.0,0.0
1760030256.9705124,Center,0.0,0.0,0.0,0.0
1760030257.4706557,Center,0.0,0.0,0.0,0.0
1760030257.9707525,Center,0.0,0.0,0.0,0.0
1760030258.4708707,Center,0.0,0.0,0.0,0.0
1760030258.970961,Center,0.0,0.0,0.0,0.0
1760030259.4710717,Center,0.0,0.0,0.0,0.0
1760030259.9711595,Center,0.0,0.0,0.0,0.0
1760030260.4712594,Center,0.0,0.0,0.0,0.0
1760030260.9713528,Center,0.0,0.0,0.0,0.0
1760030261.4714696,Center,0.0,0.0,0.0,0.0
1760030261.971571,Center,0.0,0.0,0.0,0.0
1760030262.471661,Center,0.0,0.0,0.0,0.0
1760030262.9717603,Center,0.0,0.0,0.0,0.0
1760030263.4718628,Center,0.0,0.0,0.0,0.0
1760030263.9719644,Center,0.0,0.0,0.0,0.0
1760030264.472053,Center,0.0,0.0,0.0,0.0
1760030264.9721544,Center,0.0,0.0,0.0,0.0
1760030265.4722526,Center,0.0,0.0,0.0,0.0
1760030265.972355,Center,0.0,0.0,0.0,0.0
1760030266.472481,Center,0.0,0.0,0.0,0.0
1760030266.9725869,Center,0.0,0.0,0.0,0.0
1760030267.472701,Center,0.0,0.0,0.0,0.0
1760030267.9727993,Center,0.0,0.0,0.0,0.0
1760030268.4728994,Center,0.0,0.0,0.0,0.0
1760030268.9729867,Center,0.0,0.0,0.0,0.0
1760030269.4731202,Center,0.0,0.0,0.0,0.0
1760030269.9732053,Center,0.0,0.0,0.0,0.0
1760030270.4733095,Center,0.0,0.0,0.0,0.0
1760030270.9734092,Center,0.0,0.0,0.0,0.0
1760030271.4735045,Center,0.0,0.0,0.0,0.0
1760030271.9736066,Center,0.0,0.0,0.0,0.0
1760030272.4737058,Center,0.0,0.0,0.0,0.0
1760030272.9738324,Center,0.0,0.0,0.0,0.0
1760030273.4739277,Center,0.0,0.0,0.0,0.0
1760030273.9740226,Center,0.0,0.0,0.0,0.0
1760030274.4741077,Center,0.0,0.0,0.0,0.0
1760030274.9742203,Center,0.0,0.0,0.0,0.0
1760030275.4743297,Center,0.0,0.0,0.0,0.0
1760030275.9744215,Center,0.0,0.0,0.0,0.0
1760030276.474523,Center,0.0,0.0,0.0,0.0
1760030276.9746182,Center,0.0,0.0,0.0,0.0
1760030277.474729,Center,0.0,0.0,0.0,0.0
1760030277.9748201,Center,0.0,0.0,0.0,0.0
1760030278.474917,Center,0.0,0.0,0.0,0.0
1760030278.9750025,Center,0.0,0.0,0.0,0.0
1760030279.4751275,Center,0.0,0.0,0.0,0.0
1760030279.975273,Center,0.0,0.0,0.0,0.0
1760030280.475373,Center,0.0,0.0,0.0,0.0
1760030280.9754784,Center,0.0,0.0,0.0,0.0
1760030281.4755797,Center,0.0,0.0,0.0,0.0
1760030281.9756792,Center,0.0,0.0,0.0,0.0
1760030282.4757698,Center,0.0,0.0,0.0,0.0
1760030282.9758837,Center,0.0,0.0,0.0,0.0
1760030283.475978,Center,0.0,0.0,0.0,0.0
1760030283.9760997,Center,0.0,0.0,0.0,0.0
1760030284.476249,Center,0.0,0.0,0.0,0.0
1760030284.976385,Center,0.0,0.0,0.0,0.0
1760030285.4765003,Center,0.0,0.0,0.0,0.0
1760030285.976595,Center,0.0,0.0,0.0,0.0
1760030286.476717,Center,0.0,0.0,0.0,0.0
1760030286.9768133,Center,0.0,0.0,0.0,0.0
1760030287.4769287,Center,0.0,0.0,0.0,0.0
1760030287.9770424,Center,0.0,0.0,0.0,0.0
1760030288.4771447,Center,0.0,0.0,0.0,0.0
1760030288.9772365,Center,0.0,0.0,0.0,0.0
1760030289.4773467,Center,0.0,0.0,0.0,0.0
1760030289.9774685,Center,0.0,0.0,0.0,0.0
1760030290.477555,Center,0.0,0.0,0.0,0.0
1760030290.9776545,Center,0.0,0.0,0.0,0.0
1760030291.4777496,Center,0.0,0.0,0.0,0.0
1760030291.9778554,Center,0.0,0.0,0.0,0.0
1760030292.4779675,Center,0.0,0.0,0.0,0.0
1760030292.9780712,Center,0.0,0.0,0.0,0.0
1760030293.4781644,Center,0.0,0.0,0.0,0.0
1760030293.978269,Center,0.0,0.0,0.0,0.0
1760030294.4783657,Center,0.0,0.0,0.0,0.0
1760030294.978461,Center,0.0,0.0,0.0,0.0
1760030295.4785779,Center,0.0,0.0,0.0,0.0
1760030295.97868,Center,0.0,0.0,0.0,0.0
1760030296.478782,Center,0.0,0.0,0.0,0.0
1760030296.9788775,Center,0.0,0.0,0.0,0.0
1760030297.478989,Center,0.0,0.0,0.0,0.0
1760030297.9790812,Center,0.0,0.0,0.0,0.0
1760030298.4791842,Center,0.0,0.0,0.0,0.0
1760030298.979283,Center,0.0,0.0,0.0,0.0
1760030299.4793816,Center,0.0,0.0,0.0,0.0
1760030299.97948,Center,0.0,0.0,0.0,0.0
1760030300.479566,Center,0.0,0.0,0.0,0.0
1760030300.9796684,Center,0.0,0.0,0.0,0.0
1760030301.479779,Center,0.0,0.0,0.0,0.0
1760030301.9798882,Center,0.0,0.0,0.0,0.0
1760030302.4799924,Center,0.0,0.0,0.0,0.0
1760030302.9801128,Center,0.0,0.0,0.0,0.0
1760030303.4802296,Center,0.0,0.0,0.0,0.0
1760030303.980327,Center,0.0,0.0,0.0,0.0
1760030304.4804387,Center,0.0,0.0,0.0,0.0
1760030304.9805312,Center,0.0,0.0,0.0,0.0
1760030305.480649,Center,0.0,0.0,0.0,0.0
1760030305.9807444,Center,0.0,0.0,0.0,0.0
1760030306.4808605,Center,0.0,0.0,0.0,0.0
1760030306.9809592,Center,0.0,0.0,0.0,0.0
1760030307.4810793,Center,0.0,0.0,0.0,0.0
1760030307.9811983,Center,0.0,0.0,0.0,0.0
1760030308.4812982,Center,0.0,0.0,0.0,0.0
1760030308.9814093,Center,0.0,0.0,0.0,0.0
1760030309.4815361,Center,0.0,0.0,0.0,0.0
1760030309.9816527,Center,0.0,0.0,0.0,0.0
1760030310.4817498,Center,0.0,0.0,0.0,0.0
1760030310.9818587,Center,0.0,0.0,0.0,0.0
1760030311.4819796,Center,0.0,0.0,0.0,0.0
1760030311.982099,Center,0.0,0.0,0.0,0.0
1760030312.4822018,Center,0.0,0.0,0.0,0.0
1760030312.9823124,Center,0.0,0.0,0.0,0.0
1760030313.4824302,Center,0.0,0.0,0.0,0.0
1760030313.9825215,Center,0.0,0.0,0.0,0.0
1760030314.482638,Center,0.0,0.0,0.0,0.0
1760030314.9827316,Center,0.0,0.0,0.0,0.0
1760030315.4828467,Center,0.0,0.0,0.0,0.0
1760030315.9829404,Center,0.0,0.0,0.0,0.0
1760030316.4830785,Center,0.0,0.0,0.0,0.0
1760030316.98318,Center,0.0,0.0,0.0,0.0
1760030317.4833007,Center,0.0,0.0,0.0,0.0
1760030317.9834173,Center,0.0,0.0,0.0,0.0
1760030318.4835205,Center,0.0,0.0,0.0,0.0
1760030318.983633,Center,0.0,0.0,0.0,0.0
1760030319.483732,Center,0.0,0.0,0.0,0.0
1760030319.9838436,Center,0.0,0.0,0.0,0.0
1760030320.483937,Center,0.0,0.0,0.0,0.0
1760030320.9840443,Center,0.0,0.0,0.0,0.0
1760030321.4841702,Center,0.0,0.0,0.0,0.0
1760030321.9842916,Center,0.0,0.0,0.0,0.0
1760030322.4844127,Center,0.0,0.0,0.0,0.0
1760030322.9845243,Center,0.0,0.0,0.0,0.0
1760030323.4846432,Center,0.0,0.0,0.0,0.0
1760030323.9847376,Center,0.0,0.0,0.0,0.0
1760030324.4848487,Center,0.0,0.0,0.0,0.0
1760030324.9849465,Center,0.0,0.0,0.0,0.0
1760030325.4850597,Center,0.0,0.0,0.0,0.0
1760030325.9851525,Center,0.0,0.0,0.0,0.0
1760030326.4852898,Center,0.0,0.0,0.0,0.0
1760030326.985411,Center,0.0,0.0,0.0,0.0
1760030327.4855106,Center,0.0,0.0,0.0,0.0
1760030327.985631,Center,0.0,0.0,0.0,0.0
1760030328.485727,Center,0.0,0.0,0.0,0.0
1760030328.9858341,Center,0.0,0.0,0.0,0.0
1760030329.4859319,Center,0.0,0.0,0.0,0.0
1760030329.9860396,Center,0.0,0.0,0.0,0.0
1760030330.48613,Center,0.0,0.0,0.0,0.0
1760030330.9862468,Center,0.0,0.0,0.0,0.0
1760030331.4863768,Center,0.0,0.0,0.0,0.0
1760030331.9864738,Center,0.0,0.0,0.0,0.0
1760030332.4865973,Center,0.0,0.0,0.0,0.0
1760030332.986692,Center,0.0,0.0,0.0,0.0
1760030333.4868119,Center,0.0,0.0,0.0,0.0
1760030333.9869184,Center,0.0,0.0,0.0,0.0
1760030334.4870322,Center,0.0,0.0,0.0,0.0
1760030334.987125,Center,0.0,0.0,0.0,0.0
1760030335.4872463,Center,0.0,0.0,0.0,0.0
1760030335.9873598,Center,0.0,0.0,0.0,0.0
1760030336.487479,Center,0.0,0.0,0.0,0.0
1760030336.9875948,Center,0.0,0.0,0.0,0.0
1760030337.4876962,Center,0.0,0.0,0.0,0.0
1760030337.9878135,Center,0.0,0.0,0.0,0.0
1760030338.4879057,Center,0.0,0.0,0.0,0.0
1760030338.9880192,Center,0.0,0.0,0.0,0.0
1760030339.4881155,Center,0.0,0.0,0.0,0.0
1760030339.9882348,Center,0.0,0.0,0.0,0.0
1760030340.488347,Center,0.0,0.0,0.0,0.0
1760030340.9884577,Center,0.0,0.0,0.0,0.0
1760030341.4886131,Center,0.0,0.0,0.0,0.0
1760030341.9887078,Center,0.0,0.0,0.0,0.0
1760030342.4888177,Center,0.0,0.0,0.0,0.0
1760030342.9889097,Center,0.0,0.0,0.0,0.0
1760030343.4890249,Center,0.0,0.0,0.0,0.0
1760030343.9891202,Center,0.0,0.0,0.0,0.0
1760030344.4892275,Center,0.0,0.0,0.0,0.0
1760030344.9893222,Center,0.0,0.0,0.0,0.0
1760030345.4894416,Center,0.0,0.0,0.0,0.0
1760030345.9895518,Center,0.0,0.0,0.0,0.0
1760030346.4896731,Center,0.0,0.0,0.0,0.0
1760030346.989796,Center,0.0,0.0,0.0,0.0
1760030347.4899085,Center,0.0,0.0,0.0,0.0
1760030347.990026,Center,0.0,0.0,0.0,0.0
1760030348.490122,Center,0.0,0.0,0.0,0.0
1760030348.990233,Center,0.0,0.0,0.0,0.0
1760030349.4903316,Center,0.0,0.0,0.0,0.0
1760030349.9904454,Center,0.0,0.0,0.0,0.0
1760030350.4905574,Center,0.0,0.0,0.0,0.0
1760030350.9906619,Center,0.0,0.0,0.0,0.0
1760030351.4908092,Center,0.0,0.0,0.0,0.0
1760030351.9909124,Center,0.0,0.0,0.0,0.0
1760030352.491024,Center,0.0,0.0,0.0,0.0
1760030352.9911165,Center,0.0,0.0,0.0,0.0
1760030353.4912322,Center,0.0,0.0,0.0,0.0
1760030353.9913483,Center,0.0,0.0,0.0,0.0
1760030354.4914563,Center,0.0,0.0,0.0,0.0
1760030354.9915628,Center,0.0,0.0,0.0,0.0
1760030355.4916587,Center,0.0,0.0,0.0,0.0
1760030355.99177,Center,0.0,0.0,0.0,0.0
1760030356.4918642,Center,0.0,0.0,0.0,0.0
1760030356.9919722,Center,0.0,0.0,0.0,0.0
1760030357.4920743,Center,0.0,0.0,0.0,0.0
1760030357.9921844,Center,0.0,0.0,0.0,0.0
1760030358.4922738,Center,0.0,0.0,0.0,0.0
1760030358.9923837,Center,0.0,0.0,0.0,0.0
1760030359.4924974,Center,0.0,0.0,0.0,0.0
1760030359.9925833,Center,0.0,0.0,0.0,0.0
1760030360.4926867,Center,0.0,0.0,0.0,0.0
1760030360.9928021,Center,0.0,0.0,0.0,0.0
1760030361.4929156,Center,0.0,0.0,0.0,0.0
1760030361.9930103,Center,0.0,0.0,0.0,0.0
1760030362.4931338,Center,0.0,0.0,0.0,0.0
1760030362.993226,Center,0.0,0.0,0.0,0.0
1760030363.493331,Center,0.0,0.0,0.0,0.0
1760030363.993425,Center,0.0,0.0,0.0,0.0
1760030364.4935393,Center,0.0,0.0,0.0,0.0
1760030364.9936392,Center,0.0,0.0,0.0,0.0
1760030365.4937341,Center,0.0,0.0,0.0,0.0
1760030365.9938383,Center,0.0,0.0,0.0,0.0
1760030366.493931,Center,0.0,0.0,0.0,0.0
1760030366.9940436,Center,0.0,0.0,0.0,0.0
1760030367.4941492,Center,0.0,0.0,0.0,0.0
1760030367.994287,Center,0.0,0.0,0.0,0.0
1760030368.4943802,Center,0.0,0.0,0.0,0.0
1760030368.9944913,Center,0.0,0.0,0.0,0.0
1760030369.4946055,Center,0.0,0.0,0.0,0.0
1760030369.9947064,Center,0.0,0.0,0.0,0.0
1760030370.4948328,Center,0.0,0.0,0.0,0.0
1760030370.9949195,Center,0.0,0.0,0.0,0.0
1760030371.4950306,Center,0.0,0.0,0.0,0.0
1760030371.9951205,Center,0.0,0.0,0.0,0.0
1760030372.4952154,Center,0.0,0.0,0.0,0.0
1760030372.9953265,Center,0.0,0.0,0.0,0.0
1760030373.4954522,Center,0.0,0.0,0.0,0.0
1760030373.9955573,Center,0.0,0.0,0.0,0.0
1760030374.4956431,Center,0.0,0.0,0.0,0.0
1760030374.995748,Center,0.0,0.0,0.0,0.0
1760030375.4958475,Center,0.0,0.0,0.0,0.0
1760030375.995962,Center,0.0,0.0,0.0,0.0
1760030376.4960582,Center,0.0,0.0,0.0,0.0
1760030376.9961774,Center,0.0,0.0,0.0,0.0
1760030377.4962876,Center,0.0,0.0,0.0,0.0
1760030377.996431,Center,0.0,0.0,0.0,0.0
1760030378.4965322,Center,0.0,0.0,0.0,0.0
1760030378.9966235,Center,0.0,0.0,0.0,0.0
1760030379.4967332,Center,0.0,0.0,0.0,0.0
1760030379.9968193,Center,0.0,0.0,0.0,0.0
1760030380.4969163,Center,0.0,0.0,0.0,0.0
1760030380.9970052,Center,0.0,0.0,0.0,0.0
1760030381.497117,Center,0.0,0.0,0.0,0.0
1760030381.997206,Center,0.0,0.0,0.0,0.0
1760030382.4973419,Center,0.0,0.0,0.0,0.0
1760030382.9974804,Center,0.0,0.0,0.0,0.0
1760030383.4975793,Center,0.0,0.0,0.0,0.0
1760030383.9976814,Center,0.0,0.0,0.0,0.0
1760030384.4977665,Center,0.0,0.0,0.0,0.0
1760030384.9978676,Center,0.0,0.0,0.0,0.0
1760030385.4979627,Center,0.0,0.0,0.0,0.0
1760030385.998067,Center,0.0,0.0,0.0,0.0
1760030386.4981606,Center,0.0,0.0,0.0,0.0
1760030386.9982793,Center,0.0,0.0,0.0,0.0
1760030387.4983964,Center,0.0,0.0,0.0,0.0
1760030387.9985328,Center,0.0,0.0,0.0,0.0
1760030388.4986556,Center,0.0,0.0,0.0,0.0
1760030388.99875,Center,0.0,0.0,0.0,0.0
1760030389.4988916,Center,0.0,0.0,0.0,0.0
1760030389.998987,Center,0.0,0.0,0.0,0.0
1760030390.4990745,Center,0.0,0.0,0.0,0.0
1760030390.9991653,Center,0.0,0.0,0.0,0.0
1760030391.4992783,Center,0.0,0.0,0.0,0.0
1760030391.9993792,Center,0.0,0.0,0.0,0.0
1760030392.499504,Center,0.0,0.0,0.0,0.0
1760030392.9996572,Center,0.0,0.0,0.0,0.0
1760030393.499756,Center,0.0,0.0,0.0,0.0
1760030393.9998584,Center,0.0,0.0,0.0,0.0
1760030394.49995,Center,0.0,0.0,0.0,0.0
1760030395.0000544,Center,0.0,0.0,0.0,0.0
1760030395.5001462,Center,0.0,0.0,0.0,0.0
1760030396.0002456,Center,0.0,0.0,0.0,0.0
1760030396.500338,Center,0.0,0.0,0.0,0.0
1760030397.0004551,Center,0.0,0.0,0.0,0.0
1760030397.500577,Center,0.0,0.0,0.0,0.0
1760030398.0006988,Center,0.0,0.0,0.0,0.0
1760030398.500805,Center,0.0,0.0,0.0,0.0
1760030399.000894,Center,0.0,0.0,0.0,0.0
1760030399.5010073,Center,0.0,0.0,0.0,0.0
1760030400.001091,Center,0.0,0.0,0.0,0.0
1760030400.501194,Center,0.0,0.0,0.0,0.0
1760030401.0012815,Center,0.0,0.0,0.0,0.0
1760030401.5013955,Center,0.0,0.0,0.0,0.0
1760030402.0015008,Center,0.0,0.0,0.0,0.0
1760030402.5016036,Center,0.0,0.0,0.0,0.0
1760030403.0017867,Center,0.0,0.0,0.0,0.0
1760030403.5018828,Center,0.0,0.0,0.0,0.0
1760030404.0019867,Center,0.0,0.0,0.0,0.0
1760030404.5020764,Center,0.0,0.0,0.0,0.0
1760030405.002187,Center,0.0,0.0,0.0,0.0
1760030405.5022807,Center,0.0,0.0,0.0,0.0
1760030406.002398,Center,0.0,0.0,0.0,0.0
1760030406.5025246,Center,0.0,0.0,0.0,0.0
1760030407.0026288,Center,0.0,0.0,0.0,0.0
1760030407.5027485,Center,0.0,0.0,0.0,0.0
1760030408.002858,Center,0.0,0.0,0.0,0.0
1760030408.5029843,Center,0.0,0.0,0.0,0.0
1760030409.0030837,Center,0.0,0.0,0.0,0.0
1760030409.5032089,Center,0.0,0.0,0.0,0.0
1760030410.0033083,Center,0.0,0.0,0.0,0.0
1760030410.5034568,Center,0.0,0.0,0.0,0.0
1760030411.0036197,Center,0.0,0.0,0.0,0.0
1760030411.503734,Center,0.0,0.0,0.0,0.0
1760030412.0038643,Center,0.0,0.0,0.0,0.0
1760030412.5039637,Center,0.0,0.0,0.0,0.0
1760030413.0040944,Center,0.0,0.0,0.0,0.0
1760030413.5042048,Center,0.0,0.0,0.0,0.0
1760030414.0043335,Center,0.0,0.0,0.0,0.0
1760030414.504431,Center,0.0,0.0,0.0,0.0
1760030415.0048242,Center,0.0,0.0,0.0,0.0
1760030415.5049915,Center,0.0,0.0,0.0,0.0
1760030416.0051217,Center,0.0,0.0,0.0,0.0
1760030416.5052493,Center,0.0,0.0,0.0,0.0
1760030417.0053554,Center,0.0,0.0,0.0,0.0
1760030417.5054843,Center,0.0,0.0,0.0,0.0
1760030418.0055969,Center,0.0,0.0,0.0,0.0
1760030418.505729,Center,0.0,0.0,0.0,0.0
1760030419.0058334,Center,0.0,0.0,0.0,0.0
1760030419.505982,Center,0.0,0.0,0.0,0.0
1760030420.0061128,Center,0.0,0.0,0.0,0.0
1760030420.5062635,Center,0.0,0.0,0.0,0.0
1760030421.0063994,Center,0.0,0.0,0.0,0.0
1760030421.5065057,Center,0.0,0.0,0.0,0.0
1760030422.0066378,Center,0.0,0.0,0.0,0.0
1760030422.5067487,Center,0.0,0.0,0.0,0.0
1760030423.0068748,Center,0.0,0.0,0.0,0.0
1760030423.5069795,Center,0.0,0.0,0.0,0.0
1760030424.0071192,Center,0.0,0.0,0.0,0.0
1760030424.5072427,Center,0.0,0.0,0.0,0.0
1760030425.0074015,Center,0.0,0.0,0.0,0.0
1760030425.507537,Center,0.0,0.0,0.0,0.0
1760030426.0076425,Center,0.0,0.0,0.0,0.0
1760030426.5077813,Center,0.0,0.0,0.0,0.0
1760030427.0079017,Center,0.0,0.0,0.0,0.0
1760030427.508041,Center,0.0,0.0,0.0,0.0
1760030428.0081515,Center,0.0,0.0,0.0,0.0
1760030428.508297,Center,0.0,0.0,0.0,0.0
1760030429.0084095,Center,0.0,0.0,0.0,0.0
1760030429.5085576,Center,0.0,0.0,0.0,0.0
1760030430.0087008,Center,0.0,0.0,0.0,0.0
1760030430.5088282,Center,0.0,0.0,0.0,0.0
1760030431.0089674,Center,0.0,0.0,0.0,0.0
1760030431.509081,Center,0.0,0.0,0.0,0.0
1760030432.0092158,Center,0.0,0.0,0.0,0.0
1760030432.5093179,Center,0.0,0.0,0.0,0.0
1760030433.009445,Center,0.0,0.0,0.0,0.0
1760030433.50956,Center,0.0,0.0,0.0,0.0
1760030434.0097132,Center,0.0,0.0,0.0,0.0
1760030434.509851,Center,0.0,0.0,0.0,0.0
1760030435.0099657,Center,0.0,0.0,0.0,0.0
1760030435.5101116,Center,0.0,0.0,0.0,0.0
1760030436.010228,Center,0.0,0.0,0.0,0.0
1760030436.5103676,Center,0.0,0.0,0.0,0.0
1760030437.0104725,Center,0.0,0.0,0.0,0.0
1760030437.51061,Center,0.0,0.0,0.0,0.0
1760030438.0107193,Center,0.0,0.0,0.0,0.0
1760030438.5108728,Center,0.0,0.0,0.0,0.0
1760030439.0110152,Center,0.0,0.0,0.0,0.0
1760030439.5111334,Center,0.0,0.0,0.0,0.0
1760030440.0112755,Center,0.0,0.0,0.0,0.0
1760030440.5113916,Center,0.0,0.0,0.0,0.0
1760030441.0115278,Center,0.0,0.0,0.0,0.0
1760030441.5116355,Center,0.0,0.0,0.0,0.0
1760030442.0117784,Center,0.0,0.0,0.0,0.0
1760030442.5119033,Center,0.0,0.0,0.0,0.0
1760030443.0151575,Center,0.0,0.0,0.0,0.0
1760030443.5153608,Center,0.0,0.0,0.0,0.0
1760030444.015505,Center,0.0,0.0,0.0,0.0
1760030444.5156384,Center,0.0,0.0,0.0,0.0
1760030445.015744,Center,0.0,0.0,0.0,0.0
1760030445.5158854,Center,0.0,0.0,0.0,0.0
1760030446.0159976,Center,0.0,0.0,0.0,0.0
1760030446.5161345,Center,0.0,0.0,0.0,0.0
1760030447.0162745,Center,0.0,0.0,0.0,0.0
1760030447.5164297,Center,0.0,0.0,0.0,0.0
1760030448.0165584,Center,0.0,0.0,0.0,0.0
1760030448.5167143,Center,0.0,0.0,0.0,0.0
1760030449.0168602,Center,0.0,0.0,0.0,0.0
1760030449.5169787,Center,0.0,0.0,0.0,0.0
1760030450.0171168,Center,0.0,0.0,0.0,0.0
1760030450.5172215,Center,0.0,0.0,0.0,0.0
1760030451.0173602,Center,0.0,0.0,0.0,0.0
1760030451.5174747,Center,0.0,0.0,0.0,0.0
1760030452.0176094,Center,0.0,0.0,0.0,0.0
1760030452.5177124,Center,0.0,0.0,0.0,0.0
1760030453.01786,Center,0.0,0.0,0.0,0.0
1760030453.5179932,Center,0.0,0.0,0.0,0.0
1760030454.0181003,Center,0.0,0.0,0.0,0.0
1760030454.5182867,Center,0.0,0.0,0.0,0.0
1760030455.0183985,Center,0.0,0.0,0.0,0.0
1760030455.5185323,Center,0.0,0.0,0.0,0.0
1760030456.018635,Center,0.0,0.0,0.0,0.0
1760030456.5187564,Center,0.0,0.0,0.0,0.0
1760030457.0188553,Center,0.0,0.0,0.0,0.0
1760030457.518987,Center,0.0,0.0,0.0,0.0
1760030458.0191374,Center,0.0,0.0,0.0,0.0
1760030458.51925,Center,0.0,0.0,0.0,0.0
1760030459.0193722,Center,0.0,0.0,0.0,0.0
1760030459.5194714,Center,0.0,0.0,0.0,0.0
1760030460.0196147,Center,0.0,0.0,0.0,0.0
1760030460.5197434,Center,0.0,0.0,0.0,0.0
1760030461.0198817,Center,0.0,0.0,0.0,0.0
1760030461.5199935,Center,0.0,0.0,0.0,0.0
1760030462.0201397,Center,0.0,0.0,0.0,0.0
1760030462.5202785,Center,0.0,0.0,0.0,0.0
1760030463.0203986,Center,0.0,0.0,0.0,0.0
1760030463.5205412,Center,0.0,0.0,0.0,0.0
1760030464.0206525,Center,0.0,0.0,0.0,0.0
1760030464.5207875,Center,0.0,0.0,0.0,0.0
1760030465.0208907,Center,0.0,0.0,0.0,0.0
1760030465.521033,Center,0.0,0.0,0.0,0.0
1760030466.0211406,Center,0.0,0.0,0.0,0.0
1760030466.5212867,Center,0.0,0.0,0.0,0.0
1760030467.021433,Center,0.0,0.0,0.0,0.0
1760030467.5215652,Center,0.0,0.0,0.0,0.0
1760030468.0217106,Center,0.0,0.0,0.0,0.0
1760030468.5218277,Center,0.0,0.0,0.0,0.0
1760030469.0219674,Center,0.0,0.0,0.0,0.0
1760030469.5220726,Center,0.0,0.0,0.0,0.0
1760030470.0222065,Center,0.0,0.0,0.0,0.0
1760030470.5223095,Center,0.0,0.0,0.0,0.0
1760030471.0231552,Center,0.0,0.0,0.0,0.0
1760030471.523386,Center,0.0,0.0,0.0,0.0
1760030472.0235317,Center,0.0,0.0,0.0,0.0
1760030472.5236692,Center,0.0,0.0,0.0,0.0
1760030473.0237792,Center,0.0,0.0,0.0,0.0
1760030473.5239067,Center,0.0,0.0,0.0,0.0
1760030474.0240052,Center,0.0,0.0,0.0,0.0
1760030474.524133,Center,0.0,0.0,0.0,0.0
1760030475.024231,Center,0.0,0.0,0.0,0.0
1760030475.5243578,Center,0.0,0.0,0.0,0.0
1760030476.0244634,Center,0.0,0.0,0.0,0.0
1760030476.5246341,Center,0.0,0.0,0.0,0.0
1760030477.024768,Center,0.0,0.0,0.0,0.0
1760030477.524875,Center,0.0,0.0,0.0,0.0
1760030478.0250037,Center,0.0,0.0,0.0,0.0
1760030478.5251203,Center,0.0,0.0,0.0,0.0
1760030479.0252526,Center,0.0,0.0,0.0,0.0
1760030479.5253637,Center,0.0,0.0,0.0,0.0
1760030480.025493,Center,0.0,0.0,0.0,0.0
1760030480.5255997,Center,0.0,0.0,0.0,0.0
1760030481.025757,Center,0.0,0.0,0.0,0.0
1760030481.5259368,Center,0.0,0.0,0.0,0.0
1760030482.0260458,Center,0.0,0.0,0.0,0.0
1760030482.5261853,Center,0.0,0.0,0.0,0.0
1760030483.0262935,Center,0.0,0.0,0.0,0.0
1760030483.5264242,Center,0.0,0.0,0.0,0.0
1760030484.026526,Center,0.0,0.0,0.0,0.0
1760030484.526652,Center,0.0,0.0,0.0,0.0
1760030485.0267522,Center,0.0,0.0,0.0,0.0
1760030485.5268984,Center,0.0,0.0,0.0,0.0
1760030486.0270364,Center,0.0,0.0,0.0,0.0
1760030486.527173,Center,0.0,0.0,0.0,0.0
1760030487.0272868,Center,0.0,0.0,0.0,0.0
1760030487.527395,Center,0.0,0.0,0.0,0.0
1760030488.027513,Center,0.0,0.0,0.0,0.0
1760030488.527634,Center,0.0,0.0,0.0,0.0
1760030489.0277414,Center,0.0,0.0,0.0,0.0
1760030489.5278482,Center,0.0,0.0,0.0,0.0
1760030490.027975,Center,0.0,0.0,0.0,0.0
1760030490.5280974,Center,0.0,0.0,0.0,0.0
1760030491.0282059,Center,0.0,0.0,0.0,0.0
1760030491.5283558,Center,0.0,0.0,0.0,0.0
1760030492.028461,Center,0.0,0.0,0.0,0.0
1760030492.5285757,Center,0.0,0.0,0.0,0.0
1760030493.0286703,Center,0.0,0.0,0.0,0.0
1760030493.5287857,Center,0.0,0.0,0.0,0.0
1760030494.02888,Center,0.0,0.0,0.0,0.0
1760030494.5290022,Center,0.0,0.0,0.0,0.0
1760030495.0291197,Center,0.0,0.0,0.0,0.0
1760030495.529226,Center,0.0,0.0,0.0,0.0
1760030496.0293438,Center,0.0,0.0,0.0,0.0
1760030496.5294814,Center,0.0,0.0,0.0,0.0
1760030497.0295894,Center,0.0,0.0,0.0,0.0
1760030497.5296924,Center,0.0,0.0,0.0,0.0
1760030498.029804,Center,0.0,0.0,0.0,0.0
1760030498.5299046,Center,0.0,0.0,0.0,0.0
1760030499.0300214,Center,0.0,0.0,0.0,0.0
1760030499.530139,Center,0.0,0.0,0.0,0.0
1760030500.030255,Center,0.0,0.0,0.0,0.0
1760030500.5303686,Center,0.0,0.0,0.0,0.0
1760030501.0304673,Center,0.0,0.0,0.0,0.0
1760030501.5306096,Center,0.0,0.0,0.0,0.0
1760030502.0307088,Center,0.0,0.0,0.0,0.0
1760030502.5308287,Center,0.0,0.0,0.0,0.0
1760030503.030927,Center,0.0,0.0,0.0,0.0
1760030503.531044,Center,0.0,0.0,0.0,0.0
1760030504.0311544,Center,0.0,0.0,0.0,0.0
1760030504.5312912,Center,0.0,0.0,0.0,0.0
1760030505.0314102,Center,0.0,0.0,0.0,0.0
1760030505.531513,Center,0.0,0.0,0.0,0.0
1760030506.0316317,Center,0.0,0.0,0.0,0.0
1760030506.5317547,Center,0.0,0.0,0.0,0.0
1760030507.0318666,Center,0.0,0.0,0.0,0.0
1760030507.5319693,Center,0.0,0.0,0.0,0.0
1760030508.032088,Center,0.0,0.0,0.0,0.0
1760030508.5321918,Center,0.0,0.0,0.0,0.0
1760030509.0323086,Center,0.0,0.0,0.0,0.0
1760030509.532424,Center,0.0,0.0,0.0,0.0
1760030510.0325398,Center,0.0,0.0,0.0,0.0
1760030510.5326538,Center,0.0,0.0,0.0,0.0
1760030511.0327535,Center,0.0,0.0,0.0,0.0
1760030511.5328872,Center,0.0,0.0,0.0,0.0
1760030512.032989,Center,0.0,0.0,0.0,0.0
1760030512.5331092,Center,0.0,0.0,0.0,0.0
1760030513.0332084,Center,0.0,0.0,0.0,0.0
1760030513.533337,Center,0.0,0.0,0.0,0.0
1760030514.0334692,Center,0.0,0.0,0.0,0.0
1760030514.5335855,Center,0.0,0.0,0.0,0.0
1760030515.033711,Center,0.0,0.0,0.0,0.0
1760030515.5338151,Center,0.0,0.0,0.0,0.0
1760030516.033931,Center,0.0,0.0,0.0,0.0
1760030516.5340564,Center,0.0,0.0,0.0,0.0
1760030517.0341678,Center,0.0,0.0,0.0,0.0
1760030517.534272,Center,0.0,0.0,0.0,0.0
1760030518.0343885,Center,0.0,0.0,0.0,0.0
1760030518.534506,Center,0.0,0.0,0.0,0.0
1760030519.0346045,Center,0.0,0.0,0.0,0.0
1760030519.5347228,Center,0.0,0.0,0.0,0.0
1760030520.0348477,Center,0.0,0.0,0.0,0.0
1760030520.5349627,Center,0.0,0.0,0.0,0.0
1760030521.0350637,Center,0.0,0.0,0.0,0.0
1760030521.5352335,Center,0.0,0.0,0.0,0.0
1760030522.0353591,Center,0.0,0.0,0.0,0.0
1760030522.5355406,Center,0.0,0.0,0.0,0.0
1760030523.0356781,Center,0.0,0.0,0.0,0.0
1760030523.5358036,Center,0.0,0.0,0.0,0.0
1760030524.0359008,Center,0.0,0.0,0.0,0.0
1760030524.5359964,Center,0.0,0.0,0.0,0.0
1760030525.0360918,Center,0.0,0.0,0.0,0.0
1760030525.5361896,Center,0.0,0.0,0.0,0.0
1760030526.0362859,Center,0.0,0.0,0.0,0.0
1760030526.5363905,Center,0.0,0.0,0.0,0.0
1760030527.0365183,Center,0.0,0.0,0.0,0.0
1760030527.536656,Center,0.0,0.0,0.0,0.0
1760030528.0367582,Center,0.0,0.0,0.0,0.0
1760030528.5368648,Center,0.0,0.0,0.0,0.0
